#,utterance_id,frame,manual_signs,non_manual_signs
1078832,8400279,110,,head pos: tilt fr/bk:slightly back
1078832,8400279,111,,head pos: tilt fr/bk:slightly back
1078832,8400279,112,,eye gaze:down;head pos: tilt fr/bk:slightly back
1078832,8400279,113,,eye gaze:down;head pos: tilt fr/bk:slightly back
1078832,8400279,114,,eye gaze:down;head pos: tilt fr/bk:slightly back
1078832,8400279,115,,eye aperture:lowered lid;eye gaze:down;head pos: tilt fr/bk:slightly back
1078832,8400279,116,,eye aperture:lowered lid;eye gaze:down;head pos: tilt fr/bk:slightly back
1078832,8400279,117,,eye aperture:lowered lid;head pos: tilt fr/bk:slightly back
1078832,8400279,118,,head pos: tilt fr/bk:slightly back;head pos: tilt side:slightly right
1078832,8400279,119,THIS,head pos: tilt fr/bk:slightly back;head pos: tilt side:slightly right;topic/focus:topic
1078832,8400279,120,,head pos: tilt fr/bk:slightly back;head pos: tilt side:slightly right;topic/focus:topic
1078832,8400279,121,,eye aperture:wide;head pos: tilt fr/bk:slightly back;head pos: tilt side:slightly right;topic/focus:topic
1078832,8400279,122,,eye aperture:wide;head pos: tilt fr/bk:slightly back;head pos: tilt side:slightly right;topic/focus:topic
1078832,8400279,123,,eye aperture:wide;head pos: tilt fr/bk:slightly back;head pos: tilt side:slightly right;topic/focus:topic
1078832,8400279,124,,eye aperture:wide;head pos: tilt fr/bk:slightly back;head pos: tilt side:slightly right;topic/focus:topic
1078832,8400279,125,,eye aperture:wide;head pos: tilt fr/bk:slightly back;head pos: tilt side:slightly right;topic/focus:topic
1078832,8400279,126,ARTICLE,eye aperture:wide;eye brows:raised;head pos: tilt side:slightly right;topic/focus:topic
1078832,8400279,127,ARTICLE,eye aperture:wide;eye brows:raised;head pos: tilt side:slightly right;topic/focus:topic
1078832,8400279,128,ARTICLE,eye aperture:wide;eye brows:raised;head pos: tilt side:slightly right;topic/focus:topic
1078832,8400279,129,ARTICLE,eye aperture:wide;eye brows:raised;head pos: tilt side:slightly right;topic/focus:topic
1078832,8400279,130,ARTICLE,eye aperture:wide;eye brows:raised;head pos: tilt side:slightly right;topic/focus:topic
1078832,8400279,131,ARTICLE,eye aperture:wide;eye brows:raised;head pos: tilt side:slightly right;topic/focus:topic
1078832,8400279,132,ARTICLE,eye aperture:wide;eye brows:raised;head pos: tilt side:slightly right;topic/focus:topic
1078832,8400279,133,,eye aperture:wide;eye brows:raised;head pos: tilt side:slightly right;topic/focus:topic
1078832,8400279,134,,eye aperture:wide;eye brows:raised;head pos: tilt side:slightly right
1078832,8400279,135,,eye aperture:wide;eye brows:raised;head pos: tilt side:slightly right
1078832,8400279,136,,eye aperture:wide;eye brows:raised;head pos: tilt side:slightly right
1078832,8400279,137,,eye aperture:wide;eye brows:raised;head pos: tilt side:slightly right
1078832,8400279,138,,eye aperture:wide;eye brows:raised;head pos: tilt side:slightly right
1078832,8400279,139,QUOTE/TOPIC,eye aperture:wide;eye brows:raised;head pos: tilt side:slightly right;topic/focus:topic
1078832,8400279,140,QUOTE/TOPIC,eye aperture:wide;head pos: tilt side:slightly right;topic/focus:topic
1078832,8400279,141,QUOTE/TOPIC,eye aperture:wide;head pos: tilt side:slightly right;topic/focus:topic
1078832,8400279,142,QUOTE/TOPIC,eye aperture:wide;head pos: tilt side:slightly right;topic/focus:topic
1078832,8400279,143,,head pos: tilt side:slightly right;topic/focus:topic
1078832,8400279,144,,head pos: tilt side:slightly right
1078832,8400279,145,,head pos: tilt side:slightly right
1078832,8400279,146,,head pos: tilt side:slightly right
1078832,8400279,147,,head pos: tilt side:slightly right
1078832,8400279,148,,head pos: tilt side:slightly right
1078832,8400279,149,,head pos: tilt side:slightly right
1078832,8400279,150,,eye aperture:squint;head pos: tilt side:slightly right
1078832,8400279,151,fs-SENSORY,eye aperture:squint;eye brows:lowered;head pos: tilt fr/bk:back;head pos: tilt side:slightly right
1078832,8400279,152,fs-SENSORY,eye aperture:squint;eye brows:lowered;head pos: tilt fr/bk:back;head pos: tilt side:slightly right
1078832,8400279,153,fs-SENSORY,eye aperture:squint;eye brows:lowered;head pos: tilt fr/bk:back;head pos: tilt side:slightly right
1078832,8400279,154,fs-SENSORY,eye aperture:squint;eye brows:lowered;head pos: tilt fr/bk:back;head pos: tilt side:slightly right
1078832,8400279,155,fs-SENSORY,eye aperture:squint;eye brows:lowered;head pos: tilt fr/bk:back;head pos: tilt side:slightly right
1078832,8400279,156,fs-SENSORY,eye aperture:squint;eye brows:lowered;head pos: tilt fr/bk:back;head pos: tilt side:slightly right
1078832,8400279,157,fs-SENSORY,eye aperture:squint;eye brows:lowered;head pos: tilt fr/bk:back;head pos: tilt side:slightly right
1078832,8400279,158,fs-SENSORY,eye aperture:squint;eye brows:lowered;head pos: tilt fr/bk:back;head pos: tilt side:slightly right
1078832,8400279,159,fs-SENSORY,eye aperture:squint;eye brows:lowered;head pos: tilt fr/bk:back;head pos: tilt side:slightly right
1078832,8400279,160,fs-SENSORY,eye aperture:squint;eye brows:lowered;head pos: tilt fr/bk:back;head pos: tilt side:slightly right
1078832,8400279,161,fs-SENSORY,eye aperture:squint;eye brows:lowered;head pos: tilt fr/bk:back;head pos: tilt side:slightly right
1078832,8400279,162,fs-SENSORY,eye aperture:squint;eye brows:lowered;head pos: tilt fr/bk:back;head pos: tilt side:slightly right
1078832,8400279,163,fs-SENSORY,eye aperture:squint;eye brows:lowered;head pos: tilt fr/bk:back;head pos: tilt side:slightly right
1078832,8400279,164,fs-SENSORY,eye aperture:squint;eye brows:lowered;head pos: tilt fr/bk:back;head pos: tilt side:slightly right
1078832,8400279,165,fs-SENSORY,eye aperture:squint;eye brows:lowered;head pos: tilt fr/bk:back;head pos: tilt side:slightly right
1078832,8400279,166,fs-SENSORY,eye aperture:squint;eye brows:lowered;head pos: tilt fr/bk:back;head pos: tilt side:slightly right
1078832,8400279,167,fs-SENSORY,eye aperture:squint;eye brows:lowered;head pos: tilt fr/bk:back;head pos: tilt side:slightly right
1078832,8400279,168,fs-SENSORY,eye aperture:squint;eye brows:lowered;head pos: tilt fr/bk:back;head pos: tilt side:slightly right
1078832,8400279,169,fs-SENSORY,eye aperture:squint;eye brows:lowered;head pos: tilt fr/bk:back;head pos: tilt side:slightly right
1078832,8400279,170,fs-SENSORY,eye aperture:squint;eye brows:lowered;head pos: tilt fr/bk:back;head pos: tilt side:slightly right
1078832,8400279,171,fs-SENSORY,eye aperture:squint;eye brows:lowered;head pos: tilt fr/bk:back;head pos: tilt side:slightly right
1078832,8400279,172,fs-SENSORY,eye aperture:squint;eye brows:lowered;head pos: tilt fr/bk:back;head pos: tilt side:slightly right
1078832,8400279,173,fs-SENSORY,eye brows:lowered;head pos: tilt fr/bk:back;head pos: tilt side:slightly right
1078832,8400279,174,fs-SENSORY,eye brows:lowered;head pos: tilt fr/bk:back;head pos: tilt side:slightly right
1078832,8400279,175,fs-SENSORY,eye brows:lowered;head pos: tilt fr/bk:back;head pos: tilt side:slightly right
1078832,8400279,176,fs-SENSORY,eye brows:lowered;head pos: tilt fr/bk:back;head pos: tilt side:slightly right
1078832,8400279,177,fs-SENSORY,eye brows:lowered;head pos: tilt fr/bk:back;head pos: tilt side:slightly right
1078832,8400279,178,fs-SENSORY,eye brows:lowered;head pos: tilt fr/bk:back;head pos: tilt side:slightly right
1078832,8400279,179,fs-SENSORY,eye brows:lowered;head pos: tilt fr/bk:back;head pos: tilt side:slightly right
1078832,8400279,180,fs-SENSORY,eye brows:lowered;head pos: tilt fr/bk:back;head pos: tilt side:slightly right
1078832,8400279,181,fs-SENSORY,eye brows:lowered;head pos: tilt fr/bk:back;head pos: tilt side:slightly right
1078832,8400279,182,fs-SENSORY,eye brows:lowered;head pos: tilt fr/bk:back;head pos: tilt side:slightly right
1078832,8400279,183,fs-SENSORY,eye brows:lowered;head pos: tilt fr/bk:back;head pos: tilt side:slightly right
1078832,8400279,184,fs-SENSORY,eye brows:lowered;head pos: tilt fr/bk:back;head pos: tilt side:slightly right
1078832,8400279,185,fs-SENSORY,eye brows:lowered;head pos: tilt fr/bk:back;head pos: tilt side:slightly right
1078832,8400279,186,fs-SENSORY,eye brows:lowered;head pos: tilt fr/bk:back;head pos: tilt side:slightly right
1078832,8400279,187,fs-SENSORY,eye brows:lowered;head pos: tilt fr/bk:back;head pos: tilt side:slightly right
1078832,8400279,188,fs-SENSORY,eye brows:lowered;head pos: tilt fr/bk:back;head pos: tilt side:slightly right
1078832,8400279,189,fs-SENSORY,eye brows:lowered;head pos: tilt fr/bk:back;head pos: tilt side:slightly right
1078832,8400279,190,fs-SENSORY,eye brows:lowered;head pos: tilt fr/bk:back;head pos: tilt side:slightly right
1078832,8400279,191,fs-SENSORY,eye brows:lowered;head pos: tilt fr/bk:back;head pos: tilt side:slightly right
1078832,8400279,192,,eye brows:lowered;head pos: tilt fr/bk:back;head pos: tilt side:slightly right
1078832,8400279,193,,eye brows:lowered;head pos: tilt fr/bk:back;head pos: tilt side:slightly right
1078832,8400279,194,,eye brows:lowered;head pos: tilt fr/bk:back;head pos: tilt side:slightly right
1078832,8400279,195,,eye brows:lowered;head pos: tilt fr/bk:back;head pos: tilt side:slightly right
1078832,8400279,196,,eye brows:lowered;head pos: tilt fr/bk:back;head pos: tilt side:slightly right
1078832,8400279,197,,eye brows:lowered;head pos: tilt fr/bk:back;head pos: tilt side:slightly right
1078832,8400279,198,,eye brows:lowered;head pos: tilt fr/bk:back;head pos: tilt side:slightly right
1078832,8400279,199,,eye brows:lowered;head pos: tilt fr/bk:back;head pos: tilt side:slightly right
1078832,8400279,200,fs-ORIENTATION,eye brows:lowered;head pos: tilt fr/bk:back;head pos: tilt side:slightly right
1078832,8400279,201,fs-ORIENTATION,eye brows:lowered;head pos: tilt fr/bk:back;head pos: tilt side:slightly right
1078832,8400279,202,fs-ORIENTATION,eye brows:lowered;head pos: tilt fr/bk:back;head pos: tilt side:slightly right
1078832,8400279,203,fs-ORIENTATION,eye brows:lowered;head pos: tilt fr/bk:back;head pos: tilt side:slightly right
1078832,8400279,204,fs-ORIENTATION,eye brows:lowered;head pos: tilt fr/bk:back;head pos: tilt side:slightly right
1078832,8400279,205,fs-ORIENTATION,eye brows:lowered;head pos: tilt fr/bk:back;head pos: tilt side:slightly right
1078832,8400279,206,fs-ORIENTATION,eye brows:lowered;head pos: tilt fr/bk:back;head pos: tilt side:slightly right
1078832,8400279,207,fs-ORIENTATION,eye brows:lowered;head pos: tilt fr/bk:back;head pos: tilt side:slightly right
1078832,8400279,208,fs-ORIENTATION,eye brows:lowered;head pos: tilt fr/bk:back;head pos: tilt side:slightly right
1078832,8400279,209,fs-ORIENTATION,eye brows:lowered;head pos: tilt fr/bk:back;head pos: tilt side:slightly right
1078832,8400279,210,fs-ORIENTATION,eye brows:lowered;head pos: tilt fr/bk:back;head pos: tilt side:slightly right
1078832,8400279,211,fs-ORIENTATION,eye brows:lowered;head pos: tilt fr/bk:back;head pos: tilt side:slightly right
1078832,8400279,212,fs-ORIENTATION,eye brows:lowered;head pos: tilt fr/bk:back;head pos: tilt side:slightly right
1078832,8400279,213,fs-ORIENTATION,eye brows:lowered;head pos: tilt fr/bk:back;head pos: tilt side:slightly right
1078832,8400279,214,fs-ORIENTATION,eye brows:lowered;head pos: tilt fr/bk:back;head pos: tilt side:slightly right
1078832,8400279,215,fs-ORIENTATION,eye brows:lowered;head pos: tilt fr/bk:back;head pos: tilt side:slightly right
1078832,8400279,216,fs-ORIENTATION,eye brows:lowered;head pos: tilt fr/bk:back;head pos: tilt side:slightly right
1078832,8400279,217,fs-ORIENTATION,eye brows:lowered;head pos: tilt fr/bk:back;head pos: tilt side:slightly right
1078832,8400279,218,fs-ORIENTATION,eye brows:lowered;head pos: tilt fr/bk:back;head pos: tilt side:slightly right
1078832,8400279,219,fs-ORIENTATION,eye brows:lowered;head pos: tilt fr/bk:back;head pos: tilt side:slightly right
1078832,8400279,220,fs-ORIENTATION,eye brows:lowered;head pos: tilt fr/bk:back;head pos: tilt side:slightly right
1078832,8400279,221,fs-ORIENTATION,eye brows:lowered;head pos: tilt fr/bk:back;head pos: tilt side:slightly right
1078832,8400279,222,fs-ORIENTATION,eye brows:lowered;head pos: tilt fr/bk:back;head pos: tilt side:slightly right
1078832,8400279,223,fs-ORIENTATION,eye brows:lowered;head pos: tilt fr/bk:back;head pos: tilt side:slightly right
1078832,8400279,224,fs-ORIENTATION,eye brows:lowered;head pos: tilt fr/bk:back;head pos: tilt side:slightly right
1078832,8400279,225,fs-ORIENTATION,eye brows:lowered;head pos: tilt fr/bk:back;head pos: tilt side:slightly right
1078832,8400279,226,fs-ORIENTATION,eye brows:lowered;head pos: tilt fr/bk:back;head pos: tilt side:slightly right
1078832,8400279,227,fs-ORIENTATION,eye brows:lowered;head pos: tilt fr/bk:back;head pos: tilt side:slightly right
1078832,8400279,228,fs-ORIENTATION,eye brows:lowered;head pos: tilt fr/bk:back;head pos: tilt side:slightly right
1078832,8400279,229,fs-ORIENTATION,eye brows:lowered;head pos: tilt fr/bk:back;head pos: tilt side:slightly right
1078832,8400279,230,fs-ORIENTATION,eye brows:lowered;head pos: tilt fr/bk:back;head pos: tilt side:slightly right
1078832,8400279,231,fs-ORIENTATION,eye brows:lowered;head pos: tilt fr/bk:back;head pos: tilt side:slightly right
1078832,8400279,232,fs-ORIENTATION,eye brows:lowered;head pos: tilt fr/bk:back;head pos: tilt side:slightly right
1078832,8400279,233,fs-ORIENTATION,eye brows:lowered;head pos: tilt side:slightly right
1078832,8400279,234,fs-ORIENTATION,eye brows:lowered;head pos: tilt side:slightly right
1078832,8400279,235,fs-ORIENTATION,eye brows:lowered;head pos: tilt side:slightly right
1078832,8400279,236,fs-ORIENTATION,eye brows:lowered;head pos: tilt side:slightly right
1078832,8400279,237,fs-ORIENTATION,eye brows:lowered;head pos: tilt side:slightly right
1078832,8400279,238,fs-ORIENTATION,eye aperture:blink;eye brows:lowered;head pos: tilt side:slightly right
1078832,8400279,239,,eye aperture:blink;eye brows:lowered
1078832,8400279,240,,eye aperture:blink;eye brows:lowered
1078832,8400279,241,,eye aperture:blink;eye brows:lowered;eye brows:slightly lowered
1078832,8400279,242,,eye brows:slightly lowered
1078832,8400279,243,,eye brows:slightly lowered;head pos: tilt fr/bk:further back
1078832,8400279,244,,eye brows:slightly lowered;head pos: tilt fr/bk:further back
1078832,8400279,245,SECOND,eye brows:slightly lowered;head pos: tilt fr/bk:further back
1078832,8400279,246,SECOND,eye brows:slightly lowered;head pos: tilt fr/bk:further back
1078832,8400279,247,SECOND,eye brows:slightly lowered;head pos: tilt fr/bk:further back
1078832,8400279,248,,eye brows:slightly lowered;head pos: tilt fr/bk:further back
1078832,8400279,249,,eye brows:slightly lowered
1078832,8400279,250,,eye brows:slightly lowered
1078832,8400279,251,,eye brows:slightly lowered
1078832,8400279,252,,eye brows:slightly lowered
1078832,8400279,253,,eye brows:slightly lowered
1078832,8400279,254,SOME,eye brows:slightly lowered
1078832,8400279,255,SOME,eye brows:slightly lowered
1078832,8400279,256,SOME,eye brows:slightly lowered
1078832,8400279,257,SOME,eye brows:slightly lowered
1078832,8400279,258,SOME,eye brows:slightly lowered
1078832,8400279,259,SOME,eye brows:slightly lowered
1078832,8400279,260,SOME,eye brows:slightly lowered
1078832,8400279,261,SOME,eye aperture:blink;eye brows:slightly lowered
1078832,8400279,262,SOME,eye aperture:blink;eye brows:slightly lowered
1078832,8400279,263,,eye brows:slightly lowered
1078832,8400279,264,,eye aperture:lowered lid;eye brows:slightly lowered
1078832,8400279,265,,eye aperture:lowered lid;eye brows:slightly lowered
1078832,8400279,266,,eye aperture:lowered lid;eye brows:slightly lowered
1078832,8400279,267,,eye aperture:lowered lid;eye brows:slightly lowered
1078832,8400279,268,,eye aperture:lowered lid;eye brows:slightly lowered
1078832,8400279,269,,eye aperture:lowered lid;eye brows:slightly lowered
1078832,18337728,278,,eye brows:raised;topic/focus:topic
1078832,18337728,279,,eye brows:raised;topic/focus:topic
1078832,18337728,280,BEFORE_2,eye brows:raised;topic/focus:topic
1078832,18337728,281,BEFORE_2,eye brows:raised;head pos: tilt side:slightly right;topic/focus:topic
1078832,18337728,282,BEFORE_2,eye brows:raised;head pos: tilt side:slightly right;topic/focus:topic
1078832,18337728,283,BEFORE_2,eye brows:raised;head pos: tilt fr/bk:slightly back;head pos: tilt side:slightly right;topic/focus:topic
1078832,18337728,284,BEFORE_2,eye brows:raised;head pos: tilt fr/bk:slightly back;head pos: tilt side:slightly right;topic/focus:topic
1078832,18337728,285,BEFORE_2,eye brows:raised;head pos: tilt fr/bk:slightly back;head pos: tilt side:slightly right;topic/focus:topic
1078832,18337728,286,BEFORE_2,eye brows:raised;head pos: tilt fr/bk:slightly back;head pos: tilt side:slightly right;topic/focus:topic
1078832,18337728,287,BEFORE_2,eye brows:raised;head pos: tilt fr/bk:slightly back;head pos: tilt side:slightly right;topic/focus:topic
1078832,18337728,288,BEFORE_2,eye brows:raised;head pos: tilt fr/bk:slightly back;head pos: tilt side:slightly right;topic/focus:topic
1078832,18337728,289,BEFORE_2,eye brows:raised;head pos: tilt fr/bk:slightly back;head pos: tilt side:slightly right;topic/focus:topic
1078832,18337728,290,BEFORE_2,eye brows:raised;head pos: tilt fr/bk:slightly back;head pos: tilt side:slightly right;topic/focus:topic
1078832,18337728,291,BEFORE_2,eye brows:raised;head pos: tilt fr/bk:slightly back;head pos: tilt side:slightly right;topic/focus:topic
1078832,18337728,292,,eye brows:raised;head pos: tilt fr/bk:slightly back;head pos: tilt side:slightly right;topic/focus:topic
1078832,18337728,293,,eye brows:raised;head pos: tilt side:slightly right;topic/focus:topic
1078832,18337728,294,,eye brows:raised;head pos: tilt side:slightly right;topic/focus:topic
1078832,18337728,295,,eye brows:raised;head pos: tilt side:slightly right;topic/focus:topic
1078832,18337728,296,,eye brows:raised;head pos: tilt side:slightly right;topic/focus:topic
1078832,18337728,297,,eye brows:raised;head pos: tilt side:slightly right;topic/focus:topic
1078832,18337728,298,,eye brows:raised;head pos: tilt side:slightly right;topic/focus:topic
1078832,18337728,299,,eye brows:raised;head pos: tilt side:slightly right;topic/focus:topic
1078832,18337728,300,,eye brows:raised;head pos: tilt side:slightly right;topic/focus:topic
1078832,18337728,301,fs-ISSUE,eye brows:raised;head pos: tilt side:slightly right;topic/focus:topic
1078832,18337728,302,fs-ISSUE,eye brows:raised;head pos: tilt side:slightly right;topic/focus:topic
1078832,18337728,303,fs-ISSUE,eye brows:raised;head pos: tilt side:slightly right;topic/focus:topic
1078832,18337728,304,fs-ISSUE,eye brows:raised;head pos: tilt side:slightly right;topic/focus:topic
1078832,18337728,305,fs-ISSUE,eye brows:raised;head pos: tilt side:slightly right;topic/focus:topic
1078832,18337728,306,fs-ISSUE,eye brows:raised;head pos: tilt side:slightly right;topic/focus:topic
1078832,18337728,307,fs-ISSUE,eye brows:raised;head pos: tilt side:slightly right;topic/focus:topic
1078832,18337728,308,fs-ISSUE,eye brows:raised;head pos: tilt side:slightly right;topic/focus:topic
1078832,18337728,309,fs-ISSUE,eye brows:raised;head pos: tilt side:slightly right;topic/focus:topic
1078832,18337728,310,fs-ISSUE,eye brows:raised;head pos: tilt side:slightly right;topic/focus:topic
1078832,18337728,311,fs-ISSUE,eye brows:raised;head pos: tilt side:slightly right;topic/focus:topic
1078832,18337728,312,fs-ISSUE,eye brows:raised;head pos: tilt side:slightly right;topic/focus:topic
1078832,18337728,313,fs-ISSUE,eye brows:raised;head pos: tilt side:slightly right;topic/focus:topic
1078832,18337728,314,fs-ISSUE,eye brows:raised;head pos: tilt side:slightly right;topic/focus:topic
1078832,18337728,315,fs-ISSUE,eye brows:raised;head pos: tilt side:slightly right;topic/focus:topic
1078832,18337728,316,fs-ISSUE,eye brows:raised;head pos: tilt side:slightly right;topic/focus:topic
1078832,18337728,317,fs-ISSUE,eye brows:raised;head pos: tilt side:slightly right;topic/focus:topic
1078832,18337728,318,fs-ISSUE,eye brows:raised;head pos: tilt side:slightly right;topic/focus:topic
1078832,18337728,319,,eye brows:raised;head pos: tilt side:slightly right;topic/focus:topic
1078832,18337728,320,,eye brows:raised;head pos: tilt side:slightly right;topic/focus:topic
1078832,18337728,321,,eye brows:raised;head pos: tilt side:slightly right;topic/focus:topic
1078832,18337728,322,,eye brows:raised;head pos: tilt side:slightly right;topic/focus:topic
1078832,18337728,323,,eye brows:raised;head pos: tilt side:slightly right;topic/focus:topic
1078832,18337728,324,,eye brows:raised;head pos: tilt side:slightly right;topic/focus:topic
1078832,18337728,325,,eye brows:raised;head pos: tilt side:slightly right;topic/focus:topic
1078832,18337728,326,ns-fs-DESDJ,eye brows:raised;head pos: tilt side:slightly right;topic/focus:topic
1078832,18337728,327,ns-fs-DESDJ,eye brows:raised;head pos: tilt side:slightly right;topic/focus:topic
1078832,18337728,328,ns-fs-DESDJ,eye brows:raised;head pos: tilt side:slightly right;topic/focus:topic
1078832,18337728,329,ns-fs-DESDJ,eye aperture:slightly wide;eye brows:raised;head pos: tilt side:slightly right;topic/focus:topic
1078832,18337728,330,ns-fs-DESDJ,eye aperture:slightly wide;eye brows:raised;head pos: tilt side:slightly right;topic/focus:topic
1078832,18337728,331,ns-fs-DESDJ,eye aperture:slightly wide;eye brows:raised;head pos: tilt side:slightly right;topic/focus:topic
1078832,18337728,332,ns-fs-DESDJ,eye aperture:slightly wide;eye brows:raised;head pos: tilt side:slightly right;topic/focus:topic
1078832,18337728,333,ns-fs-DESDJ,eye aperture:slightly wide;eye brows:raised;head pos: tilt side:slightly right;topic/focus:topic
1078832,18337728,334,ns-fs-DESDJ,eye aperture:slightly wide;eye brows:raised;head pos: tilt side:slightly right;topic/focus:topic
1078832,18337728,335,ns-fs-DESDJ,eye aperture:slightly wide;eye brows:raised;head pos: tilt side:slightly right;topic/focus:topic
1078832,18337728,336,ns-fs-DESDJ,eye aperture:slightly wide;eye brows:raised;head pos: tilt side:slightly right;topic/focus:topic
1078832,18337728,337,ns-fs-DESDJ,eye aperture:slightly wide;eye brows:raised;head pos: tilt side:slightly right;topic/focus:topic
1078832,18337728,338,ns-fs-DESDJ,eye aperture:slightly wide;eye brows:raised;head pos: tilt side:slightly right;topic/focus:topic
1078832,18337728,339,ns-fs-DESDJ,eye aperture:slightly wide;eye brows:raised;head pos: tilt side:slightly right;topic/focus:topic
1078832,18337728,340,ns-fs-DESDJ,eye aperture:slightly wide;eye brows:raised;head pos: tilt side:slightly right;topic/focus:topic
1078832,18337728,341,ns-fs-DESDJ,eye aperture:slightly wide;eye brows:raised;head pos: tilt side:slightly right;topic/focus:topic
1078832,18337728,342,ns-fs-DESDJ,eye aperture:slightly wide;eye brows:raised;head pos: tilt side:slightly right;topic/focus:topic
1078832,18337728,343,ns-fs-DESDJ,eye aperture:slightly wide;eye brows:raised;head pos: tilt side:slightly right;topic/focus:topic
1078832,18337728,344,ns-fs-DESDJ,eye aperture:slightly wide;eye brows:raised;head pos: tilt side:slightly right;topic/focus:topic
1078832,18337728,345,ns-fs-DESDJ,eye aperture:slightly wide;eye brows:raised;head pos: tilt side:slightly right;topic/focus:topic
1078832,18337728,346,ns-fs-DESDJ,eye aperture:slightly wide;eye brows:raised;head pos: tilt side:slightly right;topic/focus:topic
1078832,18337728,347,ns-fs-DESDJ,eye aperture:slightly wide;eye brows:raised;head pos: tilt side:slightly right;topic/focus:topic
1078832,18337728,348,ns-fs-DESDJ,eye aperture:slightly wide;eye brows:raised;head pos: tilt side:slightly right;topic/focus:topic
1078832,18337728,349,ns-fs-DESDJ,eye aperture:slightly wide;eye brows:raised;head pos: tilt side:slightly right;topic/focus:topic
1078832,18337728,350,ns-fs-DESDJ,eye aperture:slightly wide;eye brows:raised;head pos: tilt side:slightly right;topic/focus:topic
1078832,18337728,351,ns-fs-DESDJ,eye aperture:slightly wide;eye brows:raised;head pos: tilt side:slightly right;topic/focus:topic
1078832,18337728,352,ns-fs-DESDJ,eye aperture:slightly wide;eye brows:raised;head pos: tilt side:slightly right;topic/focus:topic
1078832,18337728,353,ns-fs-DESDJ,eye aperture:slightly wide;eye brows:raised;head pos: tilt side:slightly right;topic/focus:topic
1078832,18337728,354,ns-fs-DESDJ,eye aperture:slightly wide;eye brows:raised;head pos: tilt side:slightly right;topic/focus:topic
1078832,18337728,355,ns-fs-DESDJ,eye aperture:slightly wide;eye brows:raised;head pos: tilt side:slightly right;topic/focus:topic
1078832,18337728,356,,eye aperture:slightly wide;eye brows:raised;head pos: tilt side:slightly right;topic/focus:topic
1078832,18337728,357,,eye aperture:slightly wide;eye brows:raised;topic/focus:topic
1078832,18337728,358,,eye aperture:slightly wide;eye brows:raised;topic/focus:topic
1078832,18337728,359,,eye aperture:slightly wide;eye brows:raised;topic/focus:topic
1078832,18337728,360,,eye aperture:slightly wide;eye brows:raised;topic/focus:topic
1078832,18337728,361,VOL,eye aperture:slightly wide;eye brows:raised;topic/focus:topic
1078832,18337728,362,VOL,eye aperture:slightly wide;eye brows:raised;head pos: tilt side:right;topic/focus:topic
1078832,18337728,363,VOL,eye aperture:slightly wide;eye brows:raised;head pos: tilt side:right;topic/focus:topic
1078832,18337728,364,VOL,eye aperture:slightly wide;eye brows:raised;head pos: tilt side:right;topic/focus:topic
1078832,18337728,365,VOL,eye aperture:slightly wide;eye brows:raised;head pos: tilt side:right;topic/focus:topic
1078832,18337728,366,VOL,eye aperture:slightly wide;eye brows:raised;head pos: tilt side:right;topic/focus:topic
1078832,18337728,367,VOL,eye aperture:slightly wide;eye brows:raised;head pos: tilt side:right;topic/focus:topic
1078832,18337728,368,VOL,eye aperture:slightly wide;eye brows:raised;head pos: tilt side:right;topic/focus:topic
1078832,18337728,369,VOL,eye aperture:slightly wide;eye brows:raised;head pos: tilt side:right;topic/focus:topic
1078832,18337728,370,,eye aperture:slightly wide;eye brows:raised;head pos: tilt side:right;topic/focus:topic
1078832,18337728,371,,eye aperture:slightly wide;eye brows:raised;head pos: tilt side:right;topic/focus:topic
1078832,18337728,372,,eye aperture:slightly wide;eye brows:raised;head pos: tilt side:right;topic/focus:topic
1078832,18337728,373,ONE,eye aperture:slightly wide;eye brows:raised;head pos: tilt side:right;topic/focus:topic
1078832,18337728,374,ONE,eye aperture:slightly wide;eye brows:raised;head pos: tilt side:right;topic/focus:topic
1078832,18337728,375,ONE,eye aperture:slightly wide;eye brows:raised;head pos: tilt side:right;topic/focus:topic
1078832,18337728,376,ONE,eye aperture:slightly wide;eye brows:raised;head pos: tilt side:right;topic/focus:topic
1078832,18337728,377,ONE,eye aperture:slightly wide;eye brows:raised;head pos: tilt side:right;topic/focus:topic
1078832,18337728,378,ONE,eye aperture:slightly wide;eye brows:raised;head pos: tilt side:right;topic/focus:topic
1078832,18337728,379,ONE,eye aperture:slightly wide;eye brows:raised;head pos: tilt side:right;topic/focus:topic
1078832,18337728,380,,eye aperture:slightly wide;eye brows:raised;head pos: tilt side:right;topic/focus:topic
1078832,18337728,381,,eye aperture:slightly wide;eye brows:raised;head pos: tilt side:right;topic/focus:topic
1078832,18337728,382,,eye aperture:slightly wide;eye brows:raised;head pos: tilt side:right;topic/focus:topic
1078832,18337728,383,,eye aperture:slightly wide;eye brows:raised;head pos: tilt side:right;topic/focus:topic
1078832,18337728,384,,eye aperture:slightly wide;eye brows:raised;head pos: tilt side:right;topic/focus:topic
1078832,18337728,385,,eye aperture:slightly wide;eye brows:raised;head pos: tilt side:right;topic/focus:topic
1078832,18337728,386,,eye aperture:slightly wide;eye brows:raised;head pos: tilt side:right;topic/focus:topic
1078832,18337728,387,,eye aperture:slightly wide;eye brows:raised;head pos: tilt side:right;topic/focus:topic
1078832,18337728,388,,eye aperture:slightly wide;eye brows:raised;head pos: tilt side:right;topic/focus:topic
1078832,18337728,389,,eye aperture:slightly wide;eye brows:raised;head pos: tilt side:right;topic/focus:topic
1078832,18337728,390,NUMBER,eye aperture:slightly wide;eye brows:raised;head pos: tilt side:right;topic/focus:topic
1078832,18337728,391,NUMBER,eye aperture:slightly wide;eye brows:raised;head pos: tilt side:right;topic/focus:topic
1078832,18337728,392,NUMBER,eye aperture:slightly wide;eye brows:raised;head pos: tilt side:right;topic/focus:topic
1078832,18337728,393,,eye aperture:slightly wide;eye brows:raised;head pos: tilt side:right;topic/focus:topic
1078832,18337728,394,,eye aperture:slightly wide;eye brows:raised;head pos: tilt side:right;topic/focus:topic
1078832,18337728,395,,eye aperture:slightly wide;eye brows:raised;head pos: tilt side:right;topic/focus:topic
1078832,18337728,396,,eye aperture:slightly wide;eye brows:raised;head pos: tilt side:right;topic/focus:topic
1078832,18337728,397,ONE,eye aperture:slightly wide;eye brows:raised;head pos: tilt side:right;topic/focus:topic
1078832,18337728,398,ONE,eye aperture:slightly wide;eye brows:raised;head pos: tilt side:right;topic/focus:topic
1078832,18337728,399,ONE,eye brows:raised;head mvmt: nod:slight slow head nod;head pos: tilt side:right;topic/focus:topic
1078832,18337728,400,ONE,eye brows:raised;head mvmt: nod:slight slow head nod;head pos: tilt side:right;topic/focus:topic
1078832,18337728,401,ONE,head mvmt: nod:slight slow head nod;head pos: tilt side:right;topic/focus:topic
1078832,18337728,402,,head mvmt: nod:slight slow head nod;head pos: tilt side:right
1078832,18337728,403,,head mvmt: nod:slight slow head nod;head pos: tilt side:right
1078832,18337728,404,,eye aperture:blink;head mvmt: nod:slight slow head nod;head pos: tilt side:right
1078832,18337728,405,,eye aperture:blink;head mvmt: nod:slight slow head nod;head pos: tilt side:right
1078832,18337728,406,IX-1p,eye aperture:blink;head mvmt: nod:slight slow head nod;head pos: tilt side:right
1078832,18337728,407,,eye aperture:blink;head mvmt: nod:slight slow head nod;head pos: tilt side:right
1078832,18337728,408,,eye aperture:blink;head mvmt: nod:slight slow head nod;head pos: tilt side:right
1078832,18337728,409,,head mvmt: nod:slight slow head nod;head pos: tilt side:right
1078832,18337728,410,,head mvmt: nod:slight slow head nod;head pos: tilt side:right
1078832,18337728,411,,head mvmt: nod:slight slow head nod;head pos: tilt side:right;head pos: turn:right
1078832,18337728,412,,head mvmt: nod:slight slow head nod;head pos: tilt side:right;head pos: turn:right
1078832,18337728,413,,head mvmt: nod:slight slow head nod;head pos: tilt side:right;head pos: turn:right
1078832,18337728,414,,eye aperture:lowered lid;head mvmt: nod:slight slow head nod;head pos: tilt side:right;head pos: turn:right
1078832,18337728,415,,eye aperture:lowered lid;head mvmt: nod:slight slow head nod;head pos: tilt side:right;head pos: turn:right
1078832,18337728,416,,eye aperture:lowered lid;head mvmt: nod:slight slow head nod;head pos: tilt side:right;head pos: turn:right
1078832,18337728,417,,eye aperture:lowered lid;head mvmt: nod:slight slow head nod;head pos: tilt side:right;head pos: turn:right
1078832,18337728,418,,eye aperture:lowered lid;head mvmt: nod:slight slow head nod;head pos: tilt side:right;head pos: turn:right
1078832,18337728,419,,eye aperture:lowered lid;head mvmt: nod:slight slow head nod;head pos: tilt side:right;head pos: turn:right
1078832,18337728,420,FOCUS/NARROW,eye aperture:lowered lid;head mvmt: nod:slight slow head nod;head pos: tilt side:right;head pos: turn:right
1078832,18337728,421,FOCUS/NARROW,eye aperture:lowered lid;head mvmt: nod:slight slow head nod;head pos: tilt side:right;head pos: turn:right
1078832,18337728,422,FOCUS/NARROW,head mvmt: nod:slight slow head nod;head pos: tilt side:right;head pos: turn:right
1078832,18337728,423,FOCUS/NARROW,head mvmt: nod:slight slow head nod;head pos: tilt side:right;head pos: turn:right
1078832,18337728,424,FOCUS/NARROW,head mvmt: nod:slight slow head nod;head pos: tilt side:right;head pos: turn:right
1078832,18337728,425,FOCUS/NARROW,head mvmt: nod:slight slow head nod;head pos: tilt side:right;head pos: turn:right
1078832,18337728,426,FOCUS/NARROW,head mvmt: nod:slight slow head nod;head pos: tilt side:right;head pos: turn:right
1078832,18337728,427,FOCUS/NARROW,head mvmt: nod:slight slow head nod;head pos: tilt side:right;head pos: turn:right
1078832,18337728,428,FOCUS/NARROW,head mvmt: nod:slight slow head nod;head pos: tilt side:right;head pos: turn:right
1078832,18337728,429,FOCUS/NARROW,eye brows:raised-furrowed;head mvmt: nod:slight slow head nod;head pos: tilt side:right;head pos: turn:right
1078832,18337728,430,FOCUS/NARROW,eye brows:raised-furrowed;head mvmt: nod:slight slow head nod;head pos: tilt side:right;head pos: turn:right
1078832,18337728,431,FOCUS/NARROW,eye brows:raised-furrowed;head mvmt: nod:slight slow head nod;head pos: tilt side:right;head pos: turn:right
1078832,18337728,432,,eye brows:raised-furrowed;head mvmt: nod:slight slow head nod;head pos: tilt side:right;head pos: turn:right
1078832,18337728,433,,eye brows:raised-furrowed;head mvmt: nod:slight slow head nod;head pos: tilt side:right;head pos: turn:right
1078832,18337728,434,,eye brows:raised-furrowed;head mvmt: nod:slight slow head nod;head pos: tilt side:right;head pos: turn:right
1078832,18337728,435,,eye aperture:slightly squinted;eye brows:raised-furrowed;head pos: tilt side:right;head pos: turn:right
1078832,18337728,436,,eye aperture:slightly squinted;eye brows:raised-furrowed;head pos: tilt side:right;head pos: turn:right
1078832,18337728,437,,eye aperture:slightly squinted;eye brows:raised-furrowed;head pos: tilt side:right;head pos: turn:right
1078832,18337728,438,,eye aperture:slightly squinted;eye brows:raised-furrowed;head pos: tilt side:right;head pos: turn:right
1078832,18337728,439,,eye aperture:slightly squinted;eye brows:raised-furrowed;head pos: tilt side:right;head pos: turn:right
1078832,18337728,440,,eye aperture:slightly squinted;eye brows:raised-furrowed;head pos: tilt side:right;head pos: turn:right
1078832,18337728,441,,eye aperture:slightly squinted;eye brows:raised-furrowed;head pos: tilt side:right;head pos: turn:right
1078832,18337728,442,,eye aperture:slightly squinted;eye brows:raised-furrowed;head pos: tilt side:right;head pos: turn:right
1078832,18337728,443,alt.SEE,eye aperture:slightly squinted;eye brows:raised-furrowed;head pos: tilt side:right;head pos: turn:right
1078832,18337728,444,alt.SEE,eye aperture:slightly squinted;eye brows:raised-furrowed;head pos: tilt side:right;head pos: turn:right
1078832,18337728,445,alt.SEE,eye aperture:slightly squinted;eye brows:raised-furrowed;head pos: tilt side:right;head pos: turn:right
1078832,18337728,446,alt.SEE,eye aperture:slightly squinted;eye brows:raised-furrowed;head pos: tilt side:right;head pos: turn:right
1078832,18337728,447,alt.SEE,eye aperture:slightly squinted;eye brows:raised-furrowed;head pos: tilt side:right;head pos: turn:right
1078832,18337728,448,alt.SEE,eye aperture:slightly squinted;eye brows:raised-furrowed;head pos: turn:right
1078832,18337728,449,alt.SEE,eye aperture:slightly squinted;eye brows:raised-furrowed;head pos: turn:right
1078832,18337728,450,alt.SEE,eye aperture:slightly squinted;eye brows:raised-furrowed;head pos: turn:right
1078832,18337728,451,alt.SEE,eye aperture:slightly squinted;eye brows:raised-furrowed;head pos: turn:right
1078832,18337728,452,alt.SEE,eye aperture:slightly squinted;eye brows:raised-furrowed;head pos: turn:right
1078832,18337728,453,alt.SEE,eye aperture:slightly squinted;eye brows:raised-furrowed;head pos: tilt side:slightly right;head pos: turn:right
1078832,18337728,454,,eye aperture:slightly squinted;eye brows:raised-furrowed;head pos: tilt side:slightly right;head pos: turn:right
1078832,18337728,455,,eye aperture:slightly squinted;eye brows:raised-furrowed;head pos: tilt side:slightly right;head pos: turn:right
1078832,18337728,456,,eye aperture:slightly squinted;eye brows:raised-furrowed;head pos: tilt side:slightly right;head pos: turn:right
1078832,18337728,457,,eye aperture:slightly squinted;eye brows:raised-furrowed;head pos: tilt side:slightly right;head pos: turn:right
1078832,18337728,458,,eye aperture:slightly squinted;eye brows:raised-furrowed;head pos: tilt side:slightly right;head pos: turn:right
1078832,18337728,459,,eye aperture:slightly squinted;eye brows:raised-furrowed;head pos: tilt side:slightly right;head pos: turn:right
1078832,18337728,460,,eye aperture:slightly squinted;eye brows:raised-furrowed;head pos: tilt side:slightly right;head pos: turn:right
1078832,18337728,461,,eye aperture:slightly squinted;eye brows:raised-furrowed;head pos: tilt side:slightly right;head pos: turn:right
1078832,18337728,462,,eye aperture:slightly squinted;eye brows:raised-furrowed;head pos: tilt side:slightly right;head pos: turn:right
1078832,18337728,463,,eye aperture:slightly squinted;eye brows:raised-furrowed;head pos: tilt side:slightly right;head pos: turn:right
1078832,18337728,464,FEEL,eye aperture:slightly squinted;eye brows:raised-furrowed;head pos: tilt side:slightly right;head pos: turn:right
1078832,18337728,465,FEEL,eye aperture:slightly squinted;eye brows:raised-furrowed;head pos: tilt side:slightly right;head pos: turn:right
1078832,18337728,466,FEEL,eye aperture:slightly squinted;eye brows:raised-furrowed;head pos: tilt side:slightly right;head pos: turn:right
1078832,18337728,467,FEEL,eye aperture:slightly squinted;eye brows:raised-furrowed;head pos: tilt side:slightly right;head pos: turn:right
1078832,18337728,468,FEEL,eye aperture:slightly squinted;eye brows:raised-furrowed;head pos: tilt side:slightly right;head pos: turn:right
1078832,18337728,469,FEEL,eye aperture:slightly squinted;eye brows:raised-furrowed;head pos: tilt side:slightly right;head pos: turn:right
1078832,18337728,470,FEEL,eye aperture:slightly squinted;eye brows:raised-furrowed;head pos: tilt side:slightly right;head pos: turn:right
1078832,18337728,471,FEEL,eye aperture:slightly squinted;eye brows:raised-furrowed;head pos: tilt side:slightly right;head pos: turn:right
1078832,18337728,472,,eye aperture:slightly squinted;eye brows:raised-furrowed;head pos: tilt side:slightly right;head pos: turn:right
1078832,18337728,473,,eye aperture:slightly squinted;eye brows:raised-furrowed;head pos: tilt side:slightly right;head pos: turn:right
1078832,18337728,474,,eye aperture:slightly squinted;eye brows:raised-furrowed;head pos: tilt side:slightly right;head pos: turn:right
1078832,18337728,475,,eye aperture:slightly squinted;eye brows:raised-furrowed;head pos: tilt side:slightly right;head pos: turn:right
1078832,18337728,476,fs-TACTILE,eye aperture:slightly squinted;eye brows:raised-furrowed;head pos: tilt side:slightly right;head pos: turn:right
1078832,18337728,477,fs-TACTILE,eye aperture:slightly squinted;eye brows:raised-furrowed;head pos: tilt side:slightly right;head pos: turn:right
1078832,18337728,478,fs-TACTILE,eye aperture:slightly squinted;eye brows:raised-furrowed;head pos: tilt side:slightly right;head pos: turn:right
1078832,18337728,479,fs-TACTILE,eye aperture:slightly squinted;eye brows:raised-furrowed;head pos: tilt side:slightly right;head pos: turn:right
1078832,18337728,480,fs-TACTILE,eye aperture:slightly squinted;eye brows:raised-furrowed;head pos: tilt side:slightly right;head pos: turn:right
1078832,18337728,481,fs-TACTILE,eye aperture:slightly squinted;eye brows:raised-furrowed;head pos: tilt side:slightly right;head pos: turn:right
1078832,18337728,482,fs-TACTILE,eye aperture:slightly squinted;eye brows:raised-furrowed;head pos: tilt side:slightly right;head pos: turn:right
1078832,18337728,483,fs-TACTILE,eye aperture:slightly squinted;eye brows:raised-furrowed;head pos: tilt side:slightly right;head pos: turn:right
1078832,18337728,484,fs-TACTILE,eye aperture:slightly squinted;eye brows:raised-furrowed;head pos: tilt side:slightly right;head pos: turn:right
1078832,18337728,485,fs-TACTILE,eye aperture:slightly squinted;eye brows:raised-furrowed;head pos: tilt side:slightly right;head pos: turn:right
1078832,18337728,486,fs-TACTILE,eye aperture:slightly squinted;eye brows:raised-furrowed;head pos: tilt side:slightly right;head pos: turn:right
1078832,18337728,487,fs-TACTILE,eye aperture:slightly squinted;eye brows:raised-furrowed;head pos: tilt side:slightly right;head pos: turn:right
1078832,18337728,488,fs-TACTILE,eye aperture:slightly squinted;eye brows:raised-furrowed;head pos: tilt side:slightly right;head pos: turn:right
1078832,18337728,489,fs-TACTILE,eye aperture:slightly squinted;eye brows:raised-furrowed;head pos: tilt side:slightly right;head pos: turn:right
1078832,18337728,490,fs-TACTILE,eye aperture:slightly squinted;eye brows:raised-furrowed;head pos: tilt side:slightly right;head pos: turn:right
1078832,18337728,491,fs-TACTILE,eye aperture:slightly squinted;eye brows:raised-furrowed;head pos: tilt side:slightly right;head pos: turn:right
1078832,18337728,492,fs-TACTILE,eye aperture:slightly squinted;eye brows:raised-furrowed;head pos: tilt side:slightly right;head pos: turn:right
1078832,18337728,493,fs-TACTILE,eye aperture:slightly squinted;eye brows:raised-furrowed;head pos: tilt side:slightly right;head pos: turn:right
1078832,18337728,494,,eye aperture:slightly squinted;eye brows:raised-furrowed;head pos: tilt side:slightly right;head pos: turn:right
1078832,18337728,495,,eye aperture:slightly squinted;eye brows:raised-furrowed;head pos: tilt side:slightly right;head pos: turn:right
1078832,18337728,496,,eye aperture:slightly squinted;eye brows:raised-furrowed;head pos: tilt side:slightly right;head pos: turn:right
1078832,18337728,497,,eye aperture:slightly squinted;eye brows:raised-furrowed;head pos: tilt side:slightly right;head pos: turn:right
1078832,18337728,498,,eye aperture:slightly squinted;eye brows:raised-furrowed;head pos: tilt side:slightly right;head pos: turn:right
1078832,18337728,499,,eye aperture:slightly squinted;eye brows:raised-furrowed;head pos: tilt side:slightly right;head pos: turn:right
1078832,18337728,500,,eye aperture:slightly squinted;eye brows:raised-furrowed;head pos: tilt side:slightly right;head pos: turn:right
1078832,18337728,501,,eye aperture:slightly squinted;eye brows:raised-furrowed;head pos: tilt side:slightly right;head pos: turn:right
1078832,18337728,502,MAJOR,eye aperture:slightly squinted;eye brows:raised-furrowed;head pos: tilt side:slightly right;head pos: turn:right
1078832,18337728,503,MAJOR,eye aperture:slightly squinted;eye brows:raised-furrowed;head pos: tilt side:slightly right;head pos: turn:right
1078832,18337728,504,MAJOR,eye aperture:slightly squinted;eye brows:raised-furrowed;head pos: tilt side:slightly right;head pos: turn:right
1078832,18337728,505,MAJOR,eye aperture:slightly squinted;eye brows:raised-furrowed;head pos: tilt side:slightly right;head pos: turn:right
1078832,18337728,506,MAJOR,eye aperture:slightly squinted;eye brows:raised-furrowed;head pos: tilt side:slightly right;head pos: turn:right
1078832,18337728,507,MAJOR,eye aperture:slightly squinted;eye brows:raised-furrowed;head pos: tilt side:slightly right;head pos: turn:right
1078832,18337728,508,MAJOR,eye aperture:slightly squinted;eye brows:raised-furrowed;head pos: tilt side:slightly right;head pos: turn:right
1078832,18337728,509,,eye aperture:slightly squinted;eye brows:raised-furrowed;head pos: tilt side:slightly right;head pos: turn:right
1078832,18337728,510,,eye aperture:slightly squinted;eye brows:raised-furrowed;head pos: tilt side:slightly right;head pos: turn:right
1078832,18337728,511,,eye aperture:slightly squinted;eye brows:raised-furrowed;head pos: tilt side:slightly right;head pos: turn:right
1078832,18337728,512,,eye aperture:slightly squinted;eye brows:raised-furrowed;head pos: tilt side:slightly right;head pos: turn:right
1078832,18337728,513,,eye aperture:slightly squinted;eye brows:raised-furrowed;head pos: tilt fr/bk:slightly front;head pos: tilt side:slightly right;head pos: turn:right
1078832,18337728,514,,eye aperture:slightly squinted;eye brows:raised-furrowed;head pos: tilt fr/bk:slightly front;head pos: tilt side:slightly right;head pos: turn:right
1078832,18337728,515,,eye aperture:slightly squinted;eye brows:raised-furrowed;head pos: tilt fr/bk:slightly front;head pos: tilt side:slightly right;head pos: turn:right
1078832,18337728,516,fs-ORIENTATION,eye aperture:slightly squinted;eye brows:raised-furrowed;head pos: tilt fr/bk:slightly front;head pos: tilt side:slightly right;head pos: turn:right
1078832,18337728,517,fs-ORIENTATION,body lean:forward/left;eye aperture:slightly squinted;eye brows:raised-furrowed;head pos: tilt fr/bk:slightly front;head pos: tilt side:slightly right;head pos: turn:right
1078832,18337728,518,fs-ORIENTATION,body lean:forward/left;eye aperture:slightly squinted;eye brows:raised-furrowed;head pos: tilt fr/bk:slightly front;head pos: tilt side:slightly right;head pos: turn:right
1078832,18337728,519,fs-ORIENTATION,body lean:forward/left;eye aperture:slightly squinted;eye brows:raised-furrowed;head pos: tilt fr/bk:slightly front;head pos: tilt side:slightly right;head pos: turn:right
1078832,18337728,520,fs-ORIENTATION,body lean:forward/left;eye aperture:slightly squinted;eye brows:raised-furrowed;head pos: tilt fr/bk:slightly front;head pos: tilt side:slightly right;head pos: turn:right
1078832,18337728,521,fs-ORIENTATION,body lean:forward/left;eye aperture:slightly squinted;eye brows:raised-furrowed;head pos: tilt fr/bk:slightly front;head pos: tilt side:slightly right;head pos: turn:right
1078832,18337728,522,fs-ORIENTATION,body lean:forward/left;eye aperture:slightly squinted;eye brows:raised-furrowed;head pos: tilt fr/bk:slightly front;head pos: tilt side:slightly right;head pos: turn:right
1078832,18337728,523,fs-ORIENTATION,body lean:forward/left;eye aperture:slightly squinted;eye brows:raised-furrowed;head pos: tilt fr/bk:slightly front;head pos: tilt side:slightly right;head pos: turn:right
1078832,18337728,524,fs-ORIENTATION,body lean:forward/left;eye aperture:slightly squinted;eye brows:raised-furrowed;head pos: tilt fr/bk:slightly front;head pos: tilt side:slightly right;head pos: turn:right
1078832,18337728,525,fs-ORIENTATION,body lean:forward/left;eye aperture:slightly squinted;eye brows:raised-furrowed;head pos: tilt fr/bk:slightly front;head pos: tilt side:slightly right;head pos: turn:right
1078832,18337728,526,fs-ORIENTATION,body lean:forward/left;eye aperture:slightly squinted;eye brows:raised-furrowed;head pos: tilt fr/bk:slightly front;head pos: tilt side:slightly right;head pos: turn:right
1078832,18337728,527,fs-ORIENTATION,body lean:forward/left;eye aperture:slightly squinted;eye brows:raised-furrowed;head pos: tilt fr/bk:slightly front;head pos: tilt side:slightly right;head pos: turn:right
1078832,18337728,528,fs-ORIENTATION,body lean:forward/left;eye aperture:slightly squinted;eye brows:raised-furrowed;head pos: tilt fr/bk:slightly front;head pos: tilt side:slightly right;head pos: turn:right
1078832,18337728,529,fs-ORIENTATION,body lean:forward/left;eye aperture:slightly squinted;eye brows:raised-furrowed;eye gaze:other;head pos: tilt fr/bk:slightly front;head pos: tilt side:slightly right;head pos: turn:right
1078832,18337728,530,fs-ORIENTATION,body lean:forward/left;eye aperture:slightly squinted;eye brows:raised-furrowed;eye gaze:other;head pos: tilt fr/bk:slightly front;head pos: tilt side:slightly right;head pos: turn:right
1078832,18337728,531,,body lean:forward/left;eye aperture:slightly squinted;eye brows:raised-furrowed;eye gaze:other;head pos: tilt fr/bk:slightly front;head pos: tilt side:slightly right;head pos: turn:right
1078832,18337728,532,,body lean:forward/left;eye aperture:slightly squinted;eye brows:raised-furrowed;eye gaze:other;head pos: tilt fr/bk:slightly front;head pos: tilt side:slightly right;head pos: turn:right
1078832,18337728,533,,body lean:forward/left;eye aperture:slightly squinted;eye brows:raised-furrowed;eye gaze:other;head pos: tilt fr/bk:slightly front;head pos: tilt side:slightly right;head pos: turn:right
1078832,18337728,534,,body lean:forward/left;eye aperture:slightly squinted;eye brows:raised-furrowed;eye gaze:other;head pos: tilt fr/bk:slightly front;head pos: tilt side:slightly right;head pos: turn:right
1078832,18337728,535,TALK-OVER,body lean:forward/left;eye aperture:slightly squinted;eye brows:raised-furrowed;eye gaze:other;head pos: tilt fr/bk:slightly front;head pos: tilt side:slightly right;head pos: turn:right
1078832,18337728,536,TALK-OVER,body lean:forward/left;eye aperture:slightly squinted;eye brows:raised-furrowed;eye gaze:other;head pos: tilt fr/bk:slightly front;head pos: tilt side:slightly right;head pos: turn:right
1078832,18337728,537,TALK-OVER,body lean:forward/left;eye aperture:slightly squinted;eye brows:raised-furrowed;eye gaze:other;head pos: tilt fr/bk:slightly front;head pos: tilt side:slightly right;head pos: turn:right
1078832,18337728,538,TALK-OVER,body lean:forward/left;eye aperture:slightly squinted;eye brows:raised-furrowed;eye gaze:other;head pos: tilt fr/bk:slightly front;head pos: tilt side:slightly right;head pos: turn:right
1078832,18337728,539,TALK-OVER,body lean:forward/left;eye aperture:slightly squinted;eye brows:raised-furrowed;eye gaze:other;head pos: tilt fr/bk:slightly front;head pos: tilt side:slightly right;head pos: turn:right
1078832,18337728,540,TALK-OVER,body lean:forward/left;eye aperture:slightly squinted;eye brows:raised-furrowed;eye gaze:other;head pos: tilt fr/bk:slightly front;head pos: tilt side:slightly right;head pos: turn:right
1078832,18337728,541,TALK-OVER,body lean:forward/left;eye aperture:slightly squinted;eye brows:raised-furrowed;eye gaze:other;head pos: tilt fr/bk:slightly front;head pos: tilt side:slightly right;head pos: turn:right
1078832,18337728,542,TALK-OVER,body lean:forward/left;eye aperture:slightly squinted;eye brows:raised-furrowed;eye gaze:other;head pos: tilt fr/bk:slightly front;head pos: tilt side:slightly right;head pos: turn:right
1078832,18337728,543,TALK-OVER,body lean:forward/left;eye aperture:slightly squinted;eye brows:raised-furrowed;eye gaze:other;head pos: tilt fr/bk:slightly front;head pos: tilt side:slightly right;head pos: turn:right
1078832,18337728,544,TALK-OVER,body lean:forward/left;eye aperture:slightly squinted;eye brows:raised-furrowed;eye gaze:other;head pos: tilt fr/bk:slightly front;head pos: tilt side:slightly right;head pos: turn:right
1078832,18337728,545,TALK-OVER,body lean:forward/left;eye aperture:slightly squinted;eye brows:raised-furrowed;eye gaze:other;head pos: tilt fr/bk:slightly front;head pos: tilt side:slightly right;head pos: turn:right
1078832,18337728,546,,body lean:forward/left;eye aperture:slightly squinted;eye brows:raised-furrowed;eye gaze:other;head pos: tilt fr/bk:slightly front;head pos: tilt side:slightly right;head pos: turn:right
1078832,18337728,547,,body lean:forward/left;eye aperture:slightly squinted;eye brows:raised-furrowed;eye gaze:other;head pos: tilt fr/bk:slightly front;head pos: tilt side:slightly right;head pos: turn:right
1078832,18337728,548,,body lean:forward/left;eye aperture:slightly squinted;eye brows:raised-furrowed;head pos: tilt fr/bk:slightly front;head pos: tilt side:slightly right;head pos: turn:right
1078832,18337728,549,,body lean:forward/left;eye aperture:slightly squinted;eye brows:raised-furrowed;head pos: tilt fr/bk:slightly front;head pos: tilt side:slightly right;head pos: turn:right
1078832,18337728,550,,body lean:forward/left;eye aperture:slightly squinted;eye brows:raised-furrowed;head pos: tilt fr/bk:slightly front;head pos: tilt side:slightly right;head pos: turn:right
1078832,18337728,551,STILL,body lean:forward/left;eye aperture:slightly squinted;head pos: tilt fr/bk:slightly front;head pos: tilt side:slightly right;head pos: turn:right
1078832,18337728,552,STILL,body lean:forward/left;head pos: tilt fr/bk:slightly front;head pos: tilt side:slightly right;head pos: turn:right
1078832,18337728,553,STILL,body lean:forward/left;head pos: tilt fr/bk:slightly front;head pos: turn:right
1078832,18337728,554,STILL,
1078832,18337728,555,STILL,
1078832,18337728,556,STILL,
1078832,18344650,562,,head pos: tilt fr/bk:slightly back
1078832,18344650,563,NOW,eye gaze:other;head pos: tilt fr/bk:slightly back
1078832,18344650,564,NOW,eye gaze:other;head pos: tilt fr/bk:slightly back
1078832,18344650,565,NOW,eye gaze:other;head pos: tilt fr/bk:slightly back
1078832,18344650,566,NOW,eye gaze:other;head pos: tilt fr/bk:slightly back
1078832,18344650,567,NOW,eye gaze:other;head pos: tilt fr/bk:slightly back
1078832,18344650,568,,eye gaze:other;head pos: tilt fr/bk:slightly back
1078832,18344650,569,,eye gaze:other;head pos: tilt fr/bk:slightly back;head pos: turn:left
1078832,18344650,570,MOVING-ON-TO-NEXT-TOPIC,head pos: tilt fr/bk:slightly back;head pos: turn:left
1078832,18344650,571,MOVING-ON-TO-NEXT-TOPIC,eye aperture:lowered lid;eye gaze:left;head pos: tilt fr/bk:slightly back;head pos: turn:left
1078832,18344650,572,MOVING-ON-TO-NEXT-TOPIC,eye aperture:lowered lid;eye gaze:left;head pos: tilt fr/bk:slightly back;head pos: turn:left
1078832,18344650,573,MOVING-ON-TO-NEXT-TOPIC,eye aperture:lowered lid;eye gaze:left;head pos: tilt fr/bk:slightly back;head pos: turn:left
1078832,18344650,574,MOVING-ON-TO-NEXT-TOPIC,eye aperture:lowered lid;eye gaze:left;head pos: tilt fr/bk:slightly back;head pos: turn:left
1078832,18344650,575,MOVING-ON-TO-NEXT-TOPIC,eye aperture:lowered lid;eye gaze:left;head pos: tilt fr/bk:slightly back;head pos: turn:left
1078832,18344650,576,MOVING-ON-TO-NEXT-TOPIC,eye aperture:lowered lid;eye gaze:left;head pos: tilt fr/bk:slightly back;head pos: turn:left
1078832,18344650,577,MOVING-ON-TO-NEXT-TOPIC,eye aperture:lowered lid;eye gaze:left;head pos: tilt fr/bk:slightly back;head pos: turn:left
1078832,18344650,578,MOVING-ON-TO-NEXT-TOPIC,eye aperture:lowered lid;eye gaze:left;head pos: tilt fr/bk:slightly back;head pos: turn:left
1078832,18344650,579,MOVING-ON-TO-NEXT-TOPIC,eye aperture:lowered lid;eye gaze:left;head pos: tilt fr/bk:slightly back;head pos: turn:left
1078832,18344650,580,MOVING-ON-TO-NEXT-TOPIC,eye aperture:lowered lid;eye gaze:left;head pos: tilt fr/bk:slightly back;head pos: turn:left
1078832,18344650,581,MOVING-ON-TO-NEXT-TOPIC,eye aperture:lowered lid;eye gaze:left;head pos: tilt fr/bk:slightly back;head pos: turn:left
1078832,18344650,582,MOVING-ON-TO-NEXT-TOPIC,eye aperture:lowered lid;eye gaze:left;head pos: tilt fr/bk:slightly back;head pos: turn:left
1078832,18344650,583,MOVING-ON-TO-NEXT-TOPIC,eye aperture:lowered lid;eye gaze:left;head pos: tilt fr/bk:slightly back;head pos: turn:left
1078832,18344650,584,MOVING-ON-TO-NEXT-TOPIC,eye aperture:lowered lid;head pos: tilt fr/bk:slightly back;head pos: turn:left
1078832,18344650,585,MOVING-ON-TO-NEXT-TOPIC,eye aperture:lowered lid;head pos: tilt fr/bk:slightly back;head pos: turn:left
1078832,18344650,586,MOVING-ON-TO-NEXT-TOPIC,head pos: tilt fr/bk:slightly back;head pos: turn:left
1078832,18344650,587,MOVING-ON-TO-NEXT-TOPIC,head pos: turn:left
1078832,18344650,588,MOVING-ON-TO-NEXT-TOPIC,head pos: turn:left
1078832,18344650,589,MOVING-ON-TO-NEXT-TOPIC,head pos: turn:left
1078832,18344650,590,MOVING-ON-TO-NEXT-TOPIC,head pos: turn:left
1078832,18344650,591,MOVING-ON-TO-NEXT-TOPIC,head pos: turn:left
1078832,18344650,592,MOVING-ON-TO-NEXT-TOPIC,head pos: turn:left
1078832,18344650,593,MOVING-ON-TO-NEXT-TOPIC,head pos: turn:left
1078832,18344650,594,MOVING-ON-TO-NEXT-TOPIC,head pos: turn:left
1078832,18344650,595,,head pos: turn:left
1078832,18344650,596,,head pos: turn:left
1078832,18344650,597,,head pos: turn:left
1078832,18344650,598,,head pos: turn:left
1078832,18344650,599,,head pos: turn:left
1078832,18344650,600,,head pos: turn:left
1078832,18344650,601,TALK,head pos: turn:left
1078832,18344650,602,TALK,head pos: turn:left
1078832,18344650,603,ABOUT,head pos: turn:left
1078832,18344650,604,ABOUT,head pos: turn:left
1078832,18344650,605,ABOUT,head pos: tilt side:slightly left;head pos: turn:left
1078832,18344650,606,ABOUT,head pos: tilt side:slightly left;head pos: turn:left
1078832,18344650,607,ABOUT,head pos: tilt side:slightly left;head pos: turn:left
1078832,18344650,608,ABOUT,head pos: tilt side:slightly left;head pos: turn:left
1078832,18344650,609,,head pos: tilt side:slightly left;head pos: turn:left
1078832,18344650,610,,head pos: tilt side:slightly left;head pos: turn:left
1078832,18344650,611,,head pos: tilt side:slightly left;head pos: turn:left
1078832,18344650,612,,head pos: tilt side:slightly left;head pos: turn:left
1078832,18344650,613,,head pos: tilt side:slightly left;head pos: turn:left
1078832,18344650,614,fs-AUDIO,head pos: tilt side:slightly left;head pos: turn:left
1078832,18344650,615,fs-AUDIO,head pos: tilt side:slightly left;head pos: turn:left
1078832,18344650,616,fs-AUDIO,head pos: tilt side:slightly left;head pos: turn:left
1078832,18344650,617,fs-AUDIO,head pos: tilt side:slightly left;head pos: turn:left
1078832,18344650,618,fs-AUDIO,head pos: tilt side:slightly left;head pos: turn:left
1078832,18344650,619,fs-AUDIO,head pos: tilt side:slightly left;head pos: turn:left
1078832,18344650,620,fs-AUDIO,head pos: tilt side:slightly left;head pos: turn:left
1078832,18344650,621,fs-AUDIO,head pos: tilt side:slightly left;head pos: turn:left
1078832,18344650,622,fs-AUDIO,head pos: tilt side:slightly left;head pos: turn:left
1078832,18344650,623,fs-AUDIO,head pos: tilt side:slightly left;head pos: turn:left
1078832,18344650,624,fs-AUDIO,head pos: tilt side:slightly left;head pos: turn:left
1078832,18344650,625,fs-AUDIO,head pos: tilt side:slightly left;head pos: turn:left
1078832,18344650,626,fs-AUDIO,head pos: tilt side:slightly left;head pos: turn:left
1078832,18344650,627,fs-AUDIO,head pos: tilt side:slightly left;head pos: turn:left
1078832,18344650,628,fs-AUDIO,head pos: tilt side:slightly left;head pos: turn:left
1078832,18344650,629,fs-AUDIO,head pos: tilt side:slightly left;head pos: turn:left
1078832,18344650,630,fs-AUDIO,head pos: tilt side:slightly left;head pos: turn:left
1078832,18344650,631,fs-AUDIO,head pos: tilt side:slightly left;head pos: turn:left
1078832,18344650,632,fs-AUDIO,head pos: tilt side:slightly left;head pos: turn:left
1078832,18344650,633,fs-AUDIO,head pos: tilt side:slightly left;head pos: turn:left
1078832,18344650,634,fs-AUDIO,head pos: tilt side:slightly left;head pos: turn:left
1078832,18344650,635,fs-AUDIO,head pos: tilt side:slightly left;head pos: turn:left
1078832,18344650,636,fs-AUDIO,head pos: tilt side:slightly left;head pos: turn:left
1078832,18344650,637,fs-AUDIO,head pos: tilt side:slightly left;head pos: turn:left
1078832,18344650,638,fs-AUDIO,head pos: tilt side:slightly left;head pos: turn:left
1078832,18344650,639,fs-AUDIO,head pos: tilt side:slightly left;head pos: turn:left
1078832,18344650,640,fs-AUDIO,head pos: tilt side:slightly left;head pos: turn:left
1078832,18344650,641,fs-AUDIO,head pos: tilt side:slightly left;head pos: turn:left
1078832,18344650,642,fs-AUDIO,head pos: tilt side:slightly left;head pos: turn:left
1078832,18344650,643,fs-AUDIO,head pos: tilt side:slightly left;head pos: turn:left
1078832,18344650,644,,head pos: tilt side:slightly left;head pos: turn:left
1078832,18344650,645,,head pos: tilt side:slightly left;head pos: turn:left
1078832,18344650,646,,head pos: tilt side:slightly left;head pos: turn:left
1078832,18344650,647,,head pos: tilt side:slightly left;head pos: turn:left
1078832,18344650,648,fs-VOCAL,head pos: tilt side:slightly left;head pos: turn:left
1078832,18344650,649,fs-VOCAL,head pos: tilt side:slightly left;head pos: turn:left
1078832,18344650,650,fs-VOCAL,head pos: tilt side:slightly left;head pos: turn:left
1078832,18344650,651,fs-VOCAL,head pos: tilt side:slightly left;head pos: turn:left
1078832,18344650,652,fs-VOCAL,head pos: tilt side:slightly left;head pos: turn:left
1078832,18344650,653,fs-VOCAL,head pos: tilt side:slightly left;head pos: turn:left
1078832,18344650,654,fs-VOCAL,head pos: tilt side:slightly left;head pos: turn:left
1078832,18344650,655,fs-VOCAL,head pos: tilt side:slightly left;head pos: turn:left
1078832,18344650,656,fs-VOCAL,head pos: tilt side:slightly left;head pos: turn:left
1078832,18344650,657,fs-VOCAL,head pos: tilt side:slightly left;head pos: turn:left
1078832,18344650,658,fs-VOCAL,head pos: tilt side:slightly left;head pos: turn:left
1078832,18344650,659,fs-VOCAL,head pos: tilt side:slightly left;head pos: turn:left
1078832,18344650,660,fs-VOCAL,head pos: tilt side:slightly left;head pos: turn:left
1078832,18344650,661,fs-VOCAL,head pos: tilt side:slightly left;head pos: turn:left
1078832,18344650,662,fs-VOCAL,head pos: tilt side:slightly left;head pos: turn:left
1078832,18344650,663,fs-VOCAL,head pos: tilt side:slightly left;head pos: turn:left
1078832,18344650,664,fs-VOCAL,head pos: tilt side:slightly left;head pos: turn:left
1078832,18344650,665,fs-VOCAL,head pos: tilt side:slightly left;head pos: turn:left
1078832,18344650,666,fs-VOCAL,head pos: tilt side:slightly left;head pos: turn:left
1078832,18344650,667,fs-VOCAL,head pos: tilt side:slightly left;head pos: turn:left
1078832,18344650,668,fs-VOCAL,head pos: tilt side:slightly left;head pos: turn:left
1078832,18344650,669,fs-VOCAL,head pos: tilt side:slightly left;head pos: turn:left
1078832,18344650,670,fs-VOCAL,head pos: tilt side:slightly left;head pos: turn:left
1078832,18344650,671,fs-VOCAL,head pos: tilt side:slightly left;head pos: turn:left
1078832,18344650,672,,head pos: tilt side:slightly left;head pos: turn:left
1078832,18344650,673,,head pos: tilt side:slightly left;head pos: turn:left
1078832,18344650,674,,head pos: tilt side:slightly left;head pos: turn:left
1078832,18344650,675,,head pos: tilt side:slightly left;head pos: turn:left
1078832,18344650,676,,head pos: tilt side:slightly left;head pos: turn:left
1078832,18344650,677,,head pos: tilt side:slightly left;head pos: turn:left
1078832,18344650,678,,head pos: tilt side:slightly left;head pos: turn:left
1078832,18344650,679,,head pos: tilt side:slightly left;head pos: turn:left
1078832,18344650,680,,head pos: tilt side:slightly left;head pos: turn:left
1078832,18344650,681,fs-ORIENTATION,head pos: tilt side:slightly left;head pos: turn:left
1078832,18344650,682,fs-ORIENTATION,head pos: tilt side:slightly left;head pos: turn:left
1078832,18344650,683,fs-ORIENTATION,head pos: tilt side:slightly left;head pos: turn:left
1078832,18344650,684,fs-ORIENTATION,head pos: tilt side:slightly left;head pos: turn:left
1078832,18344650,685,fs-ORIENTATION,head pos: tilt side:slightly left;head pos: turn:left
1078832,18344650,686,fs-ORIENTATION,head pos: tilt side:slightly left;head pos: turn:left
1078832,18344650,687,fs-ORIENTATION,head pos: tilt side:slightly left;head pos: turn:left
1078832,18344650,688,fs-ORIENTATION,head pos: tilt side:slightly left;head pos: turn:left
1078832,18344650,689,fs-ORIENTATION,head pos: tilt side:slightly left;head pos: turn:left
1078832,18344650,690,fs-ORIENTATION,head pos: tilt side:slightly left;head pos: turn:left
1078832,18344650,691,fs-ORIENTATION,head pos: tilt side:slightly left;head pos: turn:left
1078832,18344650,692,fs-ORIENTATION,head pos: tilt side:slightly left;head pos: turn:left
1078832,18344650,693,fs-ORIENTATION,head pos: tilt side:slightly left;head pos: turn:left
1078832,18344650,694,fs-ORIENTATION,head pos: tilt side:slightly left;head pos: turn:left
1078832,18344650,695,fs-ORIENTATION,head pos: tilt side:slightly left;head pos: turn:left
1078832,18344650,696,fs-ORIENTATION,head pos: tilt side:slightly left;head pos: turn:left
1078832,18344650,697,fs-ORIENTATION,head pos: tilt side:slightly left;head pos: turn:left
1078832,18344650,698,,head pos: tilt side:slightly left;head pos: turn:left
1078832,18344650,699,,head pos: tilt fr/bk:slightly front;head pos: tilt side:slightly left;head pos: turn:left
1078832,18344650,700,,head pos: tilt fr/bk:slightly front;head pos: tilt side:slightly left;head pos: turn:left
1078832,18344650,701,,eye gaze:left;head pos: tilt fr/bk:slightly front;head pos: tilt side:slightly left;head pos: turn:left
1078832,18344650,702,,eye gaze:left;head pos: tilt fr/bk:slightly front;head pos: tilt side:slightly left;head pos: turn:left
1078832,18344650,703,,eye gaze:left;head pos: tilt fr/bk:slightly front;head pos: tilt side:slightly left;head pos: turn:left
1078832,18344650,704,,eye gaze:left;head pos: tilt fr/bk:slightly front;head pos: tilt side:slightly left;head pos: turn:left
1078832,18344650,705,,eye gaze:left;head pos: tilt fr/bk:slightly front;head pos: tilt side:slightly left;head pos: turn:left
1078832,18344650,706,,eye gaze:left;head pos: tilt fr/bk:slightly front;head pos: tilt side:slightly left;head pos: turn:left
1078832,18344650,707,MAJOR,eye gaze:left;head pos: tilt fr/bk:slightly front;head pos: tilt side:slightly left;head pos: turn:left
1078832,18344650,708,MAJOR,eye gaze:left;head pos: tilt fr/bk:slightly front;head pos: tilt side:slightly left;head pos: turn:left
1078832,18344650,709,MAJOR,eye gaze:left;head pos: tilt fr/bk:slightly front;head pos: tilt side:slightly left;head pos: turn:left
1078832,18344650,710,MAJOR,head pos: tilt fr/bk:slightly front;head pos: tilt side:slightly left;head pos: turn:left
1078832,18344650,711,MAJOR,eye aperture:blink;head pos: tilt fr/bk:slightly front;head pos: tilt side:slightly left;head pos: turn:left
1078832,18344650,712,MAJOR,eye aperture:blink;head pos: tilt side:slightly left;head pos: turn:left
1078832,18344650,713,MAJOR,
1078832,18344650,716,,eye aperture:blink
1078832,18344650,717,,eye aperture:blink
1078832,18344650,718,,eye aperture:blink
1078832,18344650,719,,eye aperture:blink
1078832,18344650,720,,eye aperture:blink
1078832,18436683,722,,eye aperture:further lowered;eye brows:raised-furrowed
1078832,18436683,723,,eye aperture:further lowered;eye brows:raised-furrowed;wh question:whq
1078832,18436683,724,THAT,eye aperture:further lowered;eye brows:raised-furrowed;eye gaze:down/left;wh question:whq
1078832,18436683,725,THAT,eye aperture:further lowered;eye brows:raised-furrowed;eye gaze:down/left;wh question:whq
1078832,18436683,726,THAT,eye aperture:further lowered;eye brows:raised-furrowed;eye gaze:down/left;wh question:whq
1078832,18436683,727,,eye aperture:further lowered;eye brows:raised-furrowed;eye gaze:down/left;head pos: tilt side:slightly right;wh question:whq
1078832,18436683,728,,eye aperture:further lowered;eye brows:raised-furrowed;eye gaze:down;head pos: tilt side:slightly right;wh question:whq
1078832,18436683,729,TWO,eye aperture:further lowered;eye brows:raised-furrowed;eye gaze:down;head pos: tilt side:slightly right;wh question:whq
1078832,18436683,730,TWO,eye aperture:further lowered;eye brows:raised-furrowed;eye gaze:down;head pos: tilt side:slightly right;head pos: turn:slightly left;wh question:whq
1078832,18436683,731,TWO,eye aperture:further lowered;eye brows:raised-furrowed;eye gaze:down;head pos: tilt side:slightly right;head pos: turn:slightly left;wh question:whq
1078832,18436683,732,,eye aperture:further lowered;eye brows:raised-furrowed;eye gaze:down;head pos: tilt side:slightly right;head pos: turn:slightly left;wh question:whq
1078832,18436683,733,,eye aperture:further lowered;eye brows:raised-furrowed;eye gaze:down;head pos: tilt side:slightly right;head pos: turn:slightly left;wh question:whq
1078832,18436683,734,,eye brows:raised-furrowed;eye gaze:down;head pos: turn:slightly left;wh question:whq
1078832,18436683,735,,eye brows:raised-furrowed;eye gaze:down;head pos: turn:slightly left;wh question:whq
1078832,18436683,736,,eye aperture:further squinted;eye brows:raised-furrowed;eye gaze:down;head pos: turn:slightly left;wh question:whq
1078832,18436683,737,DIFFERENT,eye aperture:further squinted;eye brows:raised-furrowed;eye gaze:down;head pos: turn:slightly left;wh question:whq
1078832,18436683,738,DIFFERENT,eye aperture:further squinted;eye brows:raised-furrowed;eye gaze:down;eye gaze:down/left;head pos: turn:slightly left;wh question:whq
1078832,18436683,739,DIFFERENT,eye aperture:further squinted;eye brows:raised-furrowed;eye gaze:down/left;head pos: turn:slightly left;wh question:whq
1078832,18436683,740,DIFFERENT,eye aperture:further squinted;eye brows:raised-furrowed;eye gaze:down/left;head pos: turn:slightly left;wh question:whq
1078832,18436683,741,,eye aperture:further squinted;eye brows:raised-furrowed;eye gaze:down/left;head pos: turn:slightly left;wh question:whq
1078832,18436683,742,,eye aperture:further squinted;eye brows:raised-furrowed;eye gaze:down/left;head pos: turn:slightly left;wh question:whq
1078832,18436683,743,,eye aperture:further squinted;eye brows:raised-furrowed;eye gaze:down/left;head pos: turn:slightly left;wh question:whq
1078832,18436683,744,,eye aperture:further squinted;eye brows:raised-furrowed;eye gaze:down/left;head pos: turn:slightly left;wh question:whq
1078832,18436683,745,,eye aperture:further squinted;eye brows:raised-furrowed;eye gaze:down/left;head pos: turn:slightly left;wh question:whq
1078832,18436683,746,(B)NEXT-TOPIC,eye aperture:further squinted;eye brows:raised-furrowed;eye gaze:down/left;head pos: turn:slightly left;wh question:whq
1078832,18436683,747,(B)NEXT-TOPIC,eye aperture:further squinted;eye brows:raised-furrowed;head pos: turn:slightly left;wh question:whq
1078832,18436683,748,(B)NEXT-TOPIC,eye aperture:further squinted;eye brows:raised-furrowed;wh question:whq
1078832,18436683,749,(B)NEXT-TOPIC,eye aperture:further squinted;eye brows:raised-furrowed;eye gaze:down/right;wh question:whq
1078832,18436683,750,(B)NEXT-TOPIC,eye aperture:further squinted;eye brows:raised-furrowed;eye gaze:down/right;head pos: turn:right;wh question:whq
1078832,18436683,751,(B)NEXT-TOPIC,eye aperture:further squinted;eye brows:raised-furrowed;eye gaze:down/right;head pos: turn:right;wh question:whq
1078832,18436683,752,(B)NEXT-TOPIC,eye aperture:further squinted;eye brows:raised-furrowed;eye gaze:down/right;head pos: turn:right;wh question:whq
1078832,18436683,753,(B)NEXT-TOPIC,eye aperture:further squinted;eye brows:raised-furrowed;eye gaze:down/right;head pos: turn:right;wh question:whq
1078832,18436683,754,(B)NEXT-TOPIC,eye aperture:further squinted;eye brows:raised-furrowed;eye gaze:down/right;head pos: turn:right;wh question:whq
1078832,18436683,755,(B)NEXT-TOPIC,eye aperture:further squinted;eye brows:raised-furrowed;eye gaze:down/right;head pos: turn:right;wh question:whq
1078832,18436683,756,(B)NEXT-TOPIC,eye aperture:further squinted;eye brows:raised-furrowed;eye gaze:down/right;head pos: turn:right;wh question:whq
1078832,18436683,757,(B)NEXT-TOPIC,eye aperture:further squinted;eye brows:raised-furrowed;eye gaze:down/right;wh question:whq
1078832,18436683,758,(B)NEXT-TOPIC,eye aperture:further squinted;eye brows:raised-furrowed;eye gaze:down/right;wh question:whq
1078832,18436683,759,,eye aperture:further squinted;eye brows:raised-furrowed;eye gaze:down/right;wh question:whq
1078832,18436683,760,,eye aperture:further squinted;eye brows:raised-furrowed;wh question:whq
1078832,18436683,761,,eye aperture:further squinted;eye brows:raised-furrowed;wh question:whq
1078832,18436683,762,,eye aperture:further squinted;eye brows:further raised-furrowed;wh question:whq
1078832,18436683,763,,eye aperture:further squinted;eye brows:further raised-furrowed;wh question:whq
1078832,18436683,764,,eye aperture:further squinted;eye brows:further raised-furrowed;wh question:whq
1078832,18436683,765,,eye aperture:further squinted;eye brows:further raised-furrowed;wh question:whq
1078832,18436683,766,,eye aperture:further squinted;eye brows:further raised-furrowed;wh question:whq
1078832,18436683,767,,eye aperture:further squinted;eye brows:further raised-furrowed;head pos: tilt side:slightly right;wh question:whq
1078832,18436683,768,,eye aperture:further squinted;eye brows:further raised-furrowed;head pos: tilt side:slightly right;wh question:whq
1078832,18436683,769,,eye aperture:further squinted;eye brows:further raised-furrowed;head pos: tilt side:slightly right;wh question:whq
1078832,18436683,770,,eye aperture:further squinted;eye brows:further raised-furrowed;head pos: tilt side:slightly right;wh question:whq
1078832,18436683,771,,eye aperture:further squinted;eye brows:further raised-furrowed;head pos: tilt side:slightly right;wh question:whq
1078832,18436683,772,,eye aperture:further squinted;eye brows:further raised-furrowed;head pos: tilt side:slightly right;wh question:whq
1078832,18436683,773,,eye aperture:further squinted;eye brows:further raised-furrowed;head pos: tilt side:slightly right;wh question:whq
1078832,18436683,774,fs-ORIENTATION,eye aperture:further squinted;eye brows:further raised-furrowed;head pos: tilt side:slightly right;wh question:whq
1078832,18436683,775,fs-ORIENTATION,eye aperture:further squinted;eye brows:further raised-furrowed;head pos: tilt side:slightly right;wh question:whq
1078832,18436683,776,fs-ORIENTATION,eye aperture:further squinted;eye brows:further raised-furrowed;head pos: tilt side:slightly right;wh question:whq
1078832,18436683,777,fs-ORIENTATION,eye aperture:further squinted;eye brows:further raised-furrowed;head pos: tilt side:slightly right;wh question:whq
1078832,18436683,778,fs-ORIENTATION,eye aperture:further squinted;eye brows:further raised-furrowed;head pos: tilt side:slightly right;wh question:whq
1078832,18436683,779,fs-ORIENTATION,eye aperture:further squinted;eye brows:further raised-furrowed;head pos: tilt side:slightly right;wh question:whq
1078832,18436683,780,fs-ORIENTATION,eye aperture:further squinted;eye brows:further raised-furrowed;head pos: tilt side:slightly right;wh question:whq
1078832,18436683,781,fs-ORIENTATION,eye aperture:further squinted;eye brows:further raised-furrowed;head pos: tilt side:slightly right;wh question:whq
1078832,18436683,782,fs-ORIENTATION,eye aperture:further squinted;eye brows:further raised-furrowed;head pos: tilt side:slightly right;wh question:whq
1078832,18436683,783,fs-ORIENTATION,eye aperture:further squinted;eye brows:further raised-furrowed;head pos: tilt side:slightly right;wh question:whq
1078832,18436683,784,fs-ORIENTATION,eye aperture:further squinted;eye brows:further raised-furrowed;head pos: tilt side:slightly right;wh question:whq
1078832,18436683,785,fs-ORIENTATION,eye aperture:further squinted;eye brows:further raised-furrowed;head pos: tilt side:slightly right;wh question:whq
1078832,18436683,786,fs-ORIENTATION,eye aperture:further squinted;eye brows:further raised-furrowed;head pos: tilt side:slightly right;wh question:whq
1078832,18436683,787,fs-ORIENTATION,eye aperture:further squinted;eye brows:further raised-furrowed;head pos: tilt side:slightly right;wh question:whq
1078832,18436683,788,,eye aperture:further squinted;eye brows:further raised-furrowed;head pos: tilt side:slightly right;wh question:whq
1078832,18436683,789,,eye aperture:further squinted;eye brows:further raised-furrowed;head pos: tilt side:slightly right;wh question:whq
1078832,18436683,790,,eye aperture:further squinted;eye brows:further raised-furrowed;wh question:whq
1078832,18436683,791,,eye aperture:further squinted;eye brows:further raised-furrowed;wh question:whq
1078832,18436683,792,CURRENT-TOPIC,eye aperture:further squinted;eye brows:further raised-furrowed;wh question:whq
1078832,18436683,793,CURRENT-TOPIC,eye aperture:further squinted;eye brows:further raised-furrowed;wh question:whq
1078832,18436683,794,CURRENT-TOPIC,eye aperture:further squinted;eye brows:further raised-furrowed;wh question:whq
1078832,18436683,795,CURRENT-TOPIC,eye aperture:further squinted;eye brows:further raised-furrowed;wh question:whq
1078832,18436683,796,CURRENT-TOPIC,eye aperture:further squinted;eye brows:further raised-furrowed;eye gaze:down/right;wh question:whq
1078832,18436683,797,,eye aperture:further squinted;eye brows:further raised-furrowed;eye gaze:down/right;wh question:whq
1078832,18436683,798,,eye aperture:further squinted;eye brows:further raised-furrowed;eye gaze:down/right;wh question:whq
1078832,18436683,799,,eye aperture:further squinted;eye brows:further raised-furrowed;eye gaze:down/right;wh question:whq
1078832,18436683,800,,eye aperture:further squinted;eye brows:further raised-furrowed;eye gaze:down/right;wh question:whq
1078832,18436683,801,,eye aperture:further squinted;eye brows:further raised-furrowed;eye gaze:down/right;eye gaze:into space;wh question:whq
1078832,18436683,802,,eye aperture:further squinted;eye brows:further raised-furrowed;eye gaze:into space;wh question:whq
1078832,18436683,803,SET-UP,eye aperture:further squinted;eye brows:further raised-furrowed;eye gaze:into space;wh question:whq
1078832,18436683,804,SET-UP,eye aperture:further squinted;eye brows:further raised-furrowed;eye gaze:into space;wh question:whq
1078832,18436683,805,SET-UP,eye brows:further raised-furrowed;eye gaze:into space;wh question:whq
1078832,18436683,806,SET-UP,eye brows:further raised-furrowed;eye gaze:into space;wh question:whq
1078832,18436683,807,SET-UP,eye brows:further raised-furrowed;eye gaze:into space;wh question:whq
1078832,18436683,808,SET-UP,eye brows:further raised-furrowed;eye gaze:into space;wh question:whq
1078832,18436683,809,SET-UP,eye brows:further raised-furrowed;eye gaze:into space;wh question:whq
1078832,18436683,810,SET-UP,eye brows:further raised-furrowed;wh question:whq
1078832,18436683,811,SET-UP,eye brows:further raised-furrowed;wh question:whq
1078832,18436683,812,,eye brows:further raised-furrowed;wh question:whq
1078832,18436683,813,,eye brows:further raised-furrowed;wh question:whq
1078832,18436683,814,,eye brows:further raised-furrowed;wh question:whq
1078832,18436683,815,,eye brows:further raised-furrowed;wh question:whq
1078832,18436683,816,,eye brows:further raised-furrowed;wh question:whq
1078832,18436683,817,FROM,eye brows:further raised-furrowed;wh question:whq
1078832,18436683,818,FROM,eye brows:further raised-furrowed;wh question:whq
1078832,18436683,819,FROM,eye brows:further raised-furrowed;wh question:whq
1078832,18436683,820,FROM,eye brows:further raised-furrowed;wh question:whq
1078832,18436683,821,,eye brows:further raised-furrowed;wh question:whq
1078832,18436683,822,,eye brows:further raised-furrowed;wh question:whq
1078832,18436683,823,WHAT,eye brows:further raised-furrowed;wh question:whq
1078832,18436683,824,WHAT,eye brows:further raised-furrowed;wh question:whq
1078832,18436683,825,WHAT,eye brows:further raised-furrowed;wh question:whq
1078832,18436683,826,WHAT,eye brows:further raised-furrowed;wh question:whq
1078832,18436683,827,,eye brows:further raised-furrowed;wh question:whq
1078832,18436683,828,,eye brows:further raised-furrowed;wh question:whq
1078832,18455093,832,,eye aperture:further lowered
1078832,18455093,833,BELOW_2,eye aperture:further lowered
1078832,18455093,834,BELOW_2,eye aperture:further lowered
1078832,18455093,835,BELOW_2,eye aperture:further lowered
1078832,18455093,836,BELOW_2,eye aperture:further lowered
1078832,18455093,837,BELOW_2,eye aperture:further lowered
1078832,18455093,838,BELOW_2,eye aperture:further lowered
1078832,18455093,839,BELOW_2,eye aperture:further lowered
1078832,18455093,840,BELOW_2,eye aperture:further lowered
1078832,18455093,841,BELOW_2,eye aperture:further lowered
1078832,18455093,842,,eye aperture:further lowered;head pos: tilt side:right
1078832,18455093,843,,eye aperture:further lowered;head pos: tilt side:right
1078832,18455093,844,,eye aperture:further lowered;head pos: tilt side:right
1078832,18455093,845,,eye aperture:further lowered;head pos: tilt side:right
1078832,18455093,846,,eye aperture:further lowered;head pos: tilt side:right
1078832,18455093,847,ON,eye aperture:further lowered;head pos: tilt side:right
1078832,18455093,848,ON,eye aperture:further lowered;head pos: tilt side:right
1078832,18455093,849,ON,eye aperture:further lowered;head pos: tilt side:right
1078832,18455093,850,,eye aperture:further lowered;head pos: tilt side:right
1078832,18455093,851,,eye aperture:further lowered;head pos: tilt side:right
1078832,18455093,852,,eye aperture:further lowered;head pos: tilt side:right
1078832,18455093,853,,eye aperture:further lowered;head pos: tilt side:right
1078832,18455093,854,,eye aperture:further lowered;head pos: tilt side:right
1078832,18455093,855,,eye aperture:further lowered;head pos: tilt side:right
1078832,18455093,856,,eye aperture:further lowered;head pos: tilt side:right
1078832,18455093,857,,eye aperture:further lowered;head pos: tilt side:right
1078832,18455093,858,,head pos: tilt side:right
1078832,18455093,859,IDEA,head pos: tilt side:right
1078832,18455093,860,IDEA,head pos: tilt side:right
1078832,18455093,861,IDEA,head pos: tilt side:right
1078832,18455093,862,IDEA,head pos: tilt side:right
1078832,18455093,863,,eye aperture:blink;head pos: tilt side:right
1078832,18455093,864,,eye aperture:blink;head pos: tilt side:right
1078832,18455093,865,,head pos: tilt side:right
1078832,18455093,866,,head pos: tilt side:right
1078832,18455093,867,,head pos: tilt side:right
1078832,18455093,868,,eye aperture:slightly lowered;head pos: tilt side:right
1078832,18455093,869,,eye aperture:slightly lowered;head pos: tilt side:right
1078832,18455093,870,HOW,eye aperture:slightly lowered;head pos: tilt side:right
1078832,18455093,871,HOW,eye aperture:slightly lowered;head pos: tilt side:right
1078832,18455093,872,HOW,eye aperture:slightly lowered;head pos: tilt side:right
1078832,18455093,873,HOW,eye aperture:slightly lowered;head pos: tilt side:right
1078832,18455093,874,,body lean:back;eye aperture:slightly lowered;head pos: tilt side:right
1078832,18455093,875,,body lean:back;eye aperture:slightly lowered;head pos: tilt side:right
1078832,18455093,876,,body lean:back;eye aperture:slightly lowered;head pos: tilt side:right
1078832,18455093,877,,body lean:back;eye aperture:slightly lowered;head pos: tilt side:right
1078832,18455093,878,,body lean:back;eye aperture:slightly lowered;head pos: tilt side:right
1078832,18455093,879,,body lean:back;eye aperture:slightly lowered;head pos: tilt side:right
1078832,18455093,880,fs-HUMAN,body lean:back;eye aperture:slightly lowered;head pos: tilt side:right
1078832,18455093,881,fs-HUMAN,body lean:back;eye aperture:slightly lowered;head pos: tilt side:right
1078832,18455093,882,fs-HUMAN,body lean:back;eye aperture:slightly lowered;head pos: tilt side:right
1078832,18455093,883,fs-HUMAN,body lean:back;eye aperture:slightly lowered;head pos: tilt side:right
1078832,18455093,884,fs-HUMAN,body lean:back;eye aperture:slightly lowered;head pos: tilt side:right
1078832,18455093,885,fs-HUMAN,body lean:back;eye aperture:slightly lowered;head pos: tilt side:right
1078832,18455093,886,fs-HUMAN,body lean:back;eye aperture:slightly lowered;head pos: tilt side:right
1078832,18455093,887,fs-HUMAN,body lean:back;eye aperture:slightly lowered;head pos: tilt side:right
1078832,18455093,888,fs-HUMAN,body lean:back;eye aperture:slightly lowered;head pos: tilt side:right
1078832,18455093,889,fs-HUMAN,body lean:back;eye aperture:slightly lowered;head pos: tilt side:right
1078832,18455093,890,fs-HUMAN,body lean:back;eye aperture:slightly lowered;head pos: tilt side:right
1078832,18455093,891,fs-HUMAN,body lean:back;eye aperture:slightly lowered;head pos: tilt side:right
1078832,18455093,892,fs-HUMAN,body lean:back;eye aperture:slightly lowered;head pos: tilt side:right
1078832,18455093,893,fs-HUMAN,body lean:back;eye aperture:slightly lowered;head pos: tilt side:right
1078832,18455093,894,fs-HUMAN,body lean:back;eye aperture:slightly lowered;head pos: tilt side:right
1078832,18455093,895,fs-HUMAN,body lean:back;eye aperture:slightly lowered;head pos: tilt side:right
1078832,18455093,896,fs-HUMAN,body lean:back;eye aperture:slightly lowered;head pos: tilt side:right
1078832,18455093,897,fs-HUMAN,body lean:back;eye aperture:slightly lowered;head pos: tilt side:right
1078832,18455093,898,fs-HUMAN,body lean:back;eye aperture:slightly lowered;head pos: tilt side:right
1078832,18455093,899,,body lean:back;eye aperture:slightly lowered;head pos: tilt side:right
1078832,18455093,900,,body lean:back;eye aperture:slightly lowered;head pos: tilt side:right
1078832,18455093,901,,body lean:back;eye aperture:slightly lowered;head pos: tilt side:right
1078832,18455093,902,,body lean:back;eye aperture:slightly lowered;head pos: tilt side:right
1078832,18455093,903,,body lean:back;eye aperture:slightly lowered;head pos: tilt side:right
1078832,18455093,904,,body lean:back;eye aperture:slightly lowered;head pos: tilt side:right
1078832,18455093,905,LANGUAGE,body lean:back;eye aperture:slightly lowered;head pos: tilt side:right
1078832,18455093,906,LANGUAGE,body lean:back;eye aperture:slightly lowered;head pos: tilt side:right
1078832,18455093,907,LANGUAGE,body lean:back;eye aperture:slightly lowered;head pos: tilt side:right
1078832,18455093,908,LANGUAGE,body lean:back;eye aperture:slightly lowered;head pos: tilt side:right
1078832,18455093,909,LANGUAGE,body lean:back;eye aperture:slightly lowered;head pos: tilt side:right
1078832,18455093,910,LANGUAGE,body lean:back;eye aperture:slightly lowered;head pos: tilt side:right
1078832,18455093,911,LANGUAGE,body lean:back;eye aperture:slightly lowered;head pos: tilt side:right
1078832,18455093,912,LANGUAGE,body lean:back;eye aperture:slightly lowered;head pos: tilt side:right
1078832,18455093,913,LANGUAGE,body lean:back;eye aperture:slightly lowered;head pos: tilt side:right
1078832,18455093,914,LANGUAGE,body lean:back;eye aperture:slightly lowered;head pos: tilt side:right
1078832,18455093,915,LANGUAGE,eye aperture:slightly lowered;head pos: tilt side:right
1078832,18455093,916,LANGUAGE,eye aperture:slightly lowered;head pos: tilt side:right
1078832,18455093,917,,eye aperture:slightly lowered;head pos: tilt side:right
1078832,18455093,918,,eye aperture:slightly lowered;head pos: tilt side:right
1078832,18455093,919,,eye aperture:slightly lowered
1078832,18455093,920,,eye aperture:slightly lowered
1078832,18455093,926,EXPRESS,
1078832,18455093,927,EXPRESS,
1078832,18455093,928,EXPRESS,
1078832,18455093,929,EXPRESS,
1078832,18455093,930,EXPRESS,
1078832,18455093,931,EXPRESS,
1078832,18455093,932,EXPRESS,
1078832,18455093,933,EXPRESS,
1078832,18455093,934,EXPRESS,
1078832,18455093,935,EXPRESS,
1078832,18455093,936,EXPRESS,
1078832,18455093,937,EXPRESS,
1078832,18455093,947,,eye gaze:down
1078832,18455093,948,,eye gaze:down
1078832,18462814,950,,eye aperture:slightly lowered;eye gaze:down
1078832,18462814,951,,eye aperture:slightly lowered;eye brows:slightly raised;eye gaze:down;topic/focus:focus
1078832,18462814,952,EXPRESS,eye aperture:slightly lowered;eye brows:slightly raised;eye gaze:down;head pos: tilt side:slightly right;topic/focus:focus
1078832,18462814,953,EXPRESS,eye aperture:slightly lowered;eye brows:slightly raised;eye gaze:down;head pos: tilt side:slightly right;topic/focus:focus
1078832,18462814,954,EXPRESS,eye aperture:slightly lowered;eye brows:slightly raised;eye gaze:down;head pos: tilt side:slightly right;topic/focus:focus
1078832,18462814,955,EXPRESS,eye aperture:slightly lowered;eye brows:slightly raised;eye gaze:down;head pos: tilt side:slightly right;topic/focus:focus
1078832,18462814,956,EXPRESS,eye aperture:slightly lowered;eye brows:slightly raised;eye gaze:down;head pos: tilt side:slightly right;topic/focus:focus
1078832,18462814,957,,eye aperture:slightly lowered;eye brows:slightly raised;eye gaze:down;head pos: tilt side:slightly right;topic/focus:focus
1078832,18462814,958,,eye aperture:slightly lowered;eye brows:slightly raised;eye gaze:down;head pos: tilt side:slightly right;topic/focus:focus
1078832,18462814,959,,eye aperture:slightly lowered;eye brows:slightly raised;eye gaze:down;head pos: tilt side:slightly right;topic/focus:focus
1078832,18462814,960,THROUGH_2,eye aperture:slightly lowered;eye brows:slightly raised;eye gaze:down;head pos: tilt side:slightly right;topic/focus:focus
1078832,18462814,961,THROUGH_2,eye aperture:slightly lowered;eye brows:slightly raised;eye gaze:down;head pos: tilt side:slightly right;topic/focus:focus
1078832,18462814,962,THROUGH_2,eye aperture:slightly lowered;eye brows:slightly raised;eye gaze:down;head pos: tilt side:slightly right;topic/focus:focus
1078832,18462814,963,THROUGH_2,eye aperture:slightly lowered;eye brows:slightly raised;eye gaze:down;head pos: tilt side:slightly right;topic/focus:focus
1078832,18462814,964,,eye aperture:slightly lowered;eye brows:slightly raised;eye gaze:down;head pos: tilt side:slightly right;topic/focus:focus
1078832,18462814,965,,eye aperture:slightly lowered;eye brows:slightly raised;eye gaze:down;head pos: tilt side:slightly right;topic/focus:focus
1078832,18462814,966,,eye aperture:slightly lowered;eye brows:slightly raised;eye gaze:down;head pos: tilt side:slightly right;topic/focus:focus
1078832,18462814,967,TALKwg,eye aperture:slightly lowered;eye brows:slightly raised;eye gaze:down;head pos: tilt side:slightly right;topic/focus:focus
1078832,18462814,968,TALKwg,eye aperture:slightly lowered;eye brows:slightly raised;eye gaze:down;head pos: tilt side:slightly right;topic/focus:focus
1078832,18462814,969,TALKwg,eye aperture:slightly lowered;eye brows:slightly raised;eye gaze:down;head pos: tilt side:slightly right;topic/focus:focus
1078832,18462814,970,TALKwg,eye aperture:slightly lowered;eye brows:slightly raised;eye gaze:down;head pos: tilt side:slightly right;topic/focus:focus
1078832,18462814,971,TALKwg,eye aperture:slightly lowered;eye brows:slightly raised;eye gaze:down;head pos: tilt side:slightly right;topic/focus:focus
1078832,18462814,972,TALKwg,head pos: tilt side:slightly right;topic/focus:focus
1078832,18462814,973,TALKwg,eye gaze:left;head pos: tilt side:slightly right;topic/focus:focus
1078832,18462814,974,,eye gaze:left;head pos: tilt side:slightly right
1078832,18462814,975,,eye gaze:left;head pos: tilt side:slightly right
1078832,18462814,976,,eye gaze:left;head pos: tilt side:slightly right
1078832,18462814,977,,eye gaze:left;head pos: turn:slightly left
1078832,18462814,978,,eye gaze:left;head pos: turn:slightly left
1078832,18462814,979,MINOR,eye gaze:left;head pos: turn:slightly left
1078832,18462814,980,MINOR,head pos: turn:slightly left
1078832,18462814,981,MINOR,head pos: turn:slightly left
1078832,18462814,982,MINOR,head pos: turn:slightly left
1078832,18462814,983,MINOR,head pos: turn:slightly left
1078832,18462814,984,MINOR,head pos: turn:slightly left
1078832,18462814,985,MINOR,head pos: turn:slightly left
1078832,18462814,986,MINOR,head pos: turn:slightly left
1078832,18462814,987,MINOR,head pos: turn:slightly left
1078832,18462814,988,MINOR,head pos: turn:slightly left
1078832,18462814,989,MINOR,head pos: turn:slightly left
1078832,18462814,990,MINOR,head pos: turn:slightly left
1078832,18462814,991,MINOR,head pos: turn:slightly left
1078832,18462814,992,MINOR,head pos: turn:slightly left
1078832,18462814,993,,body lean:slightly forward;eye brows:raised;topic/focus:focus
1078832,18462814,994,,body lean:slightly forward;eye brows:raised;eye gaze:other;topic/focus:focus
1078832,18462814,995,,body lean:slightly forward;eye brows:raised;eye gaze:other;topic/focus:focus
1078832,18462814,996,,body lean:slightly forward;eye aperture:slightly lowered;eye brows:raised;topic/focus:focus
1078832,18462814,997,,body lean:slightly forward;eye aperture:slightly lowered;eye brows:raised;eye gaze:to addressee;head pos: turn:slightly right;topic/focus:focus
1078832,18462814,998,,body lean:slightly forward;eye aperture:slightly lowered;eye brows:raised;eye gaze:to addressee;head pos: turn:slightly right;topic/focus:focus
1078832,18462814,999,,body lean:slightly forward;eye aperture:slightly lowered;eye brows:raised;eye gaze:to addressee;head pos: turn:slightly right;topic/focus:focus
1078832,18462814,1000,,body lean:slightly forward;eye aperture:slightly lowered;eye brows:raised;eye gaze:to addressee;head pos: turn:slightly right;topic/focus:focus
1078832,18462814,1001,EXPRESS,body lean:slightly forward;eye aperture:slightly lowered;eye brows:raised;eye gaze:to addressee;head pos: turn:slightly right;topic/focus:focus
1078832,18462814,1002,EXPRESS,body lean:slightly forward;eye aperture:slightly lowered;eye brows:raised;eye gaze:to addressee;head pos: turn:slightly right;topic/focus:focus
1078832,18462814,1003,EXPRESS,body lean:slightly forward;eye aperture:slightly lowered;eye brows:raised;eye gaze:to addressee;head pos: turn:slightly right;topic/focus:focus
1078832,18462814,1004,EXPRESS,body lean:slightly forward;eye aperture:slightly lowered;eye brows:raised;eye gaze:to addressee;head pos: turn:slightly right;topic/focus:focus
1078832,18462814,1005,,body lean:slightly forward;eye aperture:slightly lowered;eye brows:raised;eye gaze:to addressee;head pos: turn:slightly right;topic/focus:focus
1078832,18462814,1006,,body lean:slightly forward;eye aperture:slightly lowered;eye brows:raised;eye gaze:to addressee;head pos: turn:slightly right;topic/focus:focus
1078832,18462814,1007,,body lean:slightly forward;eye aperture:slightly lowered;eye brows:raised;eye gaze:to addressee;head pos: turn:slightly right;topic/focus:focus
1078832,18462814,1008,,body lean:slightly forward;eye aperture:slightly lowered;eye brows:raised;eye gaze:to addressee;head pos: turn:slightly right;topic/focus:focus
1078832,18462814,1009,SIGN,body lean:slightly forward;eye aperture:slightly lowered;eye brows:raised;eye gaze:to addressee;head pos: turn:slightly right;topic/focus:focus
1078832,18462814,1010,SIGN,body lean:slightly forward;eye aperture:slightly lowered;eye brows:raised;eye gaze:to addressee;head pos: turn:slightly right;topic/focus:focus
1078832,18462814,1011,SIGN,body lean:slightly forward;eye aperture:slightly lowered;eye brows:raised;eye gaze:to addressee;head pos: turn:slightly right;topic/focus:focus
1078832,18462814,1012,SIGN,body lean:slightly forward;eye aperture:slightly lowered;eye brows:raised;eye gaze:to addressee;head pos: turn:slightly right;topic/focus:focus
1078832,18462814,1013,SIGN,body lean:slightly forward;eye aperture:slightly lowered;eye brows:raised;eye gaze:to addressee;head pos: turn:slightly right;topic/focus:focus
1078832,18462814,1014,SIGN,body lean:slightly forward;eye aperture:slightly lowered;eye gaze:to addressee;head pos: turn:slightly right;topic/focus:focus
1078832,18462814,1015,SIGN,body lean:slightly forward;eye aperture:slightly lowered;eye gaze:to addressee;head pos: turn:slightly right;topic/focus:focus
1078832,18462814,1016,SIGN,body lean:slightly forward;eye aperture:slightly lowered;head pos: turn:slightly right;topic/focus:focus
1078832,18462814,1017,SIGN,body lean:slightly forward;topic/focus:focus
1078832,18462814,1023,CURRENT-TOPIC,
1078832,18462814,1024,CURRENT-TOPIC,
1078832,18462814,1025,CURRENT-TOPIC,
1078832,18462814,1027,ROAD,
1078832,18462814,1028,ROAD,
1078832,18462814,1029,ROAD,
1078832,18462814,1030,ROAD,
1078832,18462814,1031,ROAD,
1078832,18462814,1032,ROAD,
1078832,18462814,1033,ROAD,
1078832,18462814,1034,ROAD,
1078832,18462814,1035,ROAD,
1078832,18462814,1036,ROAD,
1078832,18609233,1044,UNDERSTAND,conditional/when:when
1078832,18609233,1045,UNDERSTAND,conditional/when:when
1078832,18609233,1046,UNDERSTAND,conditional/when:when
1078832,18609233,1047,UNDERSTAND,conditional/when:when
1078832,18609233,1048,UNDERSTAND,conditional/when:when;eye brows:raised
1078832,18609233,1049,UNDERSTAND,conditional/when:when;eye brows:raised
1078832,18609233,1050,UNDERSTAND,conditional/when:when;eye brows:raised
1078832,18609233,1051,UNDERSTAND,conditional/when:when;eye brows:raised
1078832,18609233,1052,UNDERSTAND,conditional/when:when;eye brows:raised
1078832,18609233,1053,,conditional/when:when;eye brows:raised
1078832,18609233,1054,,conditional/when:when;eye brows:raised
1078832,18609233,1055,,conditional/when:when;eye brows:raised
1078832,18609233,1056,,conditional/when:when;eye brows:raised
1078832,18609233,1057,,conditional/when:when;eye brows:raised
1078832,18609233,1058,,conditional/when:when;eye brows:raised
1078832,18609233,1059,,conditional/when:when;eye brows:raised
1078832,18609233,1060,,conditional/when:when;eye brows:raised;head pos: turn:left
1078832,18609233,1061,IX-3p:i,conditional/when:when;eye brows:raised;head pos: turn:left
1078832,18609233,1062,,conditional/when:when;eye brows:raised;head pos: turn:left
1078832,18609233,1063,,conditional/when:when;eye brows:raised;head pos: turn:left
1078832,18609233,1064,,conditional/when:when;eye brows:raised;head pos: turn:left
1078832,18609233,1065,,conditional/when:when;eye brows:raised;head pos: turn:left
1078832,18609233,1066,,conditional/when:when;eye aperture:wide;eye brows:raised;head pos: turn:left
1078832,18609233,1067,,conditional/when:when;eye aperture:wide;eye brows:raised;head pos: turn:left
1078832,18609233,1068,TALKwg,conditional/when:when;eye aperture:wide;eye brows:raised;head pos: turn:left
1078832,18609233,1069,TALKwg,conditional/when:when;eye aperture:wide;eye brows:raised;head pos: turn:left
1078832,18609233,1070,TALKwg,conditional/when:when;eye aperture:wide;eye brows:raised;head pos: turn:left
1078832,18609233,1071,TALKwg,conditional/when:when;eye aperture:wide;eye brows:raised;head pos: turn:left
1078832,18609233,1072,,conditional/when:when;eye aperture:wide;eye brows:raised;head pos: turn:left
1078832,18609233,1073,,conditional/when:when;eye aperture:wide;eye brows:raised;head pos: turn:left
1078832,18609233,1074,,conditional/when:when;eye aperture:wide;eye brows:raised;head pos: turn:left
1078832,18609233,1075,,conditional/when:when;eye aperture:wide;eye brows:raised;head pos: turn:left
1078832,18609233,1076,,conditional/when:when;eye aperture:wide;eye brows:raised;head pos: turn:left
1078832,18609233,1077,MINOR,eye aperture:wide;head pos: turn:left
1078832,18609233,1078,MINOR,head pos: turn:left
1078832,18609233,1079,MINOR,head pos: turn:left
1078832,18609233,1080,MINOR,
1078832,18609233,1084,,head mvmt: nod:slight rapid head nod
1078832,18609233,1085,,head mvmt: nod:slight rapid head nod
1078832,18609233,1086,,head mvmt: nod:slight rapid head nod
1078832,18609233,1087,,head mvmt: nod:slight rapid head nod
1078832,18609233,1088,HAVE,head mvmt: nod:slight rapid head nod
1078832,18609233,1089,HAVE,head mvmt: nod:slight rapid head nod
1078832,18609233,1090,,eye aperture:squint;eye brows:lowered;head mvmt: nod:slight rapid head nod;head pos: turn:right
1078832,18609233,1091,,eye aperture:squint;eye brows:lowered;head mvmt: nod:slight rapid head nod;head pos: turn:right
1078832,18609233,1092,,eye aperture:squint;eye brows:lowered;head mvmt: nod:slight rapid head nod;head pos: turn:right
1078832,18609233,1093,,eye aperture:squint;eye brows:lowered;head mvmt: nod:slight rapid head nod;head pos: turn:right
1078832,18609233,1094,,eye aperture:squint;eye brows:lowered;head mvmt: nod:slight rapid head nod;head pos: turn:right
1078832,18609233,1095,,eye aperture:squint;eye brows:lowered;head mvmt: nod:slight rapid head nod;head pos: turn:right
1078832,18609233,1096,ADD-TO,eye aperture:squint;eye brows:lowered;head mvmt: nod:slight rapid head nod;head pos: turn:right
1078832,18609233,1097,ADD-TO,eye aperture:squint;eye brows:lowered;head mvmt: nod:slight rapid head nod;head pos: turn:right
1078832,18609233,1098,ADD-TO,eye aperture:squint;eye brows:lowered;head mvmt: nod:slight rapid head nod;head pos: turn:right
1078832,18609233,1099,ADD-TO,eye aperture:squint;eye brows:lowered;head mvmt: nod:slight rapid head nod;head pos: turn:right
1078832,18609233,1100,ADD-TO,eye aperture:squint;eye brows:lowered;head mvmt: nod:slight rapid head nod;head pos: turn:right
1078832,18609233,1101,ADD-TO,eye aperture:squint;eye brows:lowered;head mvmt: nod:slight rapid head nod;head pos: turn:right
1078832,18609233,1102,ADD-TO,eye aperture:squint;eye brows:lowered;head mvmt: nod:slight rapid head nod;head pos: turn:right
1078832,18609233,1103,ADD-TO,eye aperture:squint;eye brows:lowered;head mvmt: nod:slight rapid head nod;head pos: turn:right
1078832,18609233,1104,ADD-TO,eye aperture:squint;eye brows:lowered;head mvmt: nod:slight rapid head nod;head pos: turn:right
1078832,18609233,1105,,eye aperture:squint;eye brows:lowered;head mvmt: nod:slight rapid head nod;head pos: turn:right
1078832,18609233,1106,,eye aperture:squint;eye brows:lowered;head mvmt: nod:slight rapid head nod;head pos: turn:right
1078832,18609233,1107,,eye aperture:squint;eye brows:lowered;head mvmt: nod:slight rapid head nod;head pos: turn:right
1078832,18609233,1108,,eye aperture:squint;eye brows:lowered;head mvmt: nod:slight rapid head nod;head pos: turn:right
1078832,18609233,1109,,eye aperture:squint;eye brows:lowered;head mvmt: nod:slight rapid head nod;head pos: turn:right
1078832,18609233,1110,,eye aperture:squint;eye brows:lowered;head mvmt: nod:slight rapid head nod;head pos: turn:right
1078832,18609233,1111,USE,eye aperture:squint;eye brows:lowered;head mvmt: nod:slight rapid head nod;head pos: turn:right
1078832,18609233,1112,USE,eye aperture:squint;eye brows:lowered;head mvmt: nod:slight rapid head nod;head pos: turn:right
1078832,18609233,1113,,eye aperture:squint;eye brows:lowered;head mvmt: nod:slight rapid head nod;head pos: turn:right
1078832,18609233,1114,,eye aperture:squint;eye brows:lowered;head mvmt: nod:slight rapid head nod;head pos: turn:right
1078832,18609233,1115,,eye aperture:squint;eye brows:lowered;head mvmt: nod:slight rapid head nod;head pos: turn:right
1078832,18609233,1116,GESTURE,eye aperture:squint;eye brows:lowered;head mvmt: nod:slight rapid head nod;head pos: turn:right
1078832,18609233,1117,GESTURE,eye aperture:squint;eye brows:lowered;head mvmt: nod:slight rapid head nod;head pos: turn:right
1078832,18609233,1118,GESTURE,eye aperture:squint;eye brows:lowered;head mvmt: nod:slight rapid head nod;head pos: turn:right
1078832,18609233,1119,GESTURE,eye aperture:squint;eye brows:lowered;head mvmt: nod:slight rapid head nod;head pos: turn:right
1078832,18609233,1120,GESTURE,eye aperture:squint;head mvmt: nod:slight rapid head nod;head pos: turn:right
1078832,18609233,1121,GESTURE,eye aperture:squint;head mvmt: nod:slight rapid head nod;head pos: turn:right
1078832,18609233,1122,GESTURE,eye aperture:squint;head mvmt: nod:slight rapid head nod;head pos: turn:right
1078832,18609233,1123,GESTURE,eye aperture:squint;head mvmt: nod:slight rapid head nod;head pos: turn:right
1078832,18609233,1124,GESTURE,eye aperture:squint;head mvmt: nod:slight rapid head nod;head pos: turn:right
1078832,18609233,1125,GESTURE,eye aperture:squint;head mvmt: nod:slight rapid head nod;head pos: turn:right
1078832,18609233,1126,GESTURE,eye aperture:squint;head mvmt: nod:slight rapid head nod;head pos: turn:right
1078832,18609233,1127,GESTURE,eye aperture:squint;head mvmt: nod:slight rapid head nod;head pos: turn:right
1078832,18609233,1128,GESTURE,head mvmt: nod:slight rapid head nod;head pos: turn:right
1078832,18609233,1129,,head mvmt: nod:slight rapid head nod;head pos: turn:right
1078832,18609233,1130,,head pos: turn:right
1078832,18609233,1131,,head pos: turn:right
1078832,18609233,1132,,head pos: turn:right
1078832,18609233,1133,,head pos: turn:right
1078832,18609233,1134,SAME,head pos: turn:right
1078832,18609233,1135,SAME,head pos: turn:right
1078832,18609233,1136,SAME,head pos: turn:right
1078832,18609233,1137,SAME,head pos: turn:right
1078832,18609233,1138,SAME,head pos: turn:right
1078832,18609233,1139,SAME,head pos: turn:right
1078832,18609233,1140,SAME,head pos: turn:right
1078832,18609233,1141,SAME,head pos: turn:right
1078832,18609233,1148,ALSO,eye brows:raised;topic/focus:focus
1078832,18609233,1149,ALSO,eye brows:raised;topic/focus:focus
1078832,18609233,1150,ALSO,eye brows:raised;topic/focus:focus
1078832,18609233,1151,ALSO,eye brows:raised;head pos: turn:further right;topic/focus:focus
1078832,18609233,1152,ALSO,eye brows:raised;head pos: turn:further right;topic/focus:focus
1078832,18609233,1153,,eye brows:raised;head pos: turn:further right;topic/focus:focus
1078832,18609233,1154,,eye brows:raised;head pos: turn:further right;topic/focus:focus
1078832,18609233,1155,,eye brows:raised;head pos: turn:further right;topic/focus:focus
1078832,18609233,1156,,eye brows:raised;head pos: turn:further right;topic/focus:focus
1078832,18609233,1157,,eye brows:raised;head pos: turn:further right;topic/focus:focus
1078832,18609233,1158,,eye brows:raised;head pos: turn:further right;topic/focus:focus
1078832,18609233,1159,,eye brows:raised;head mvmt: nod:rapid;head pos: turn:further right;topic/focus:focus
1078832,18609233,1160,,eye brows:raised;head mvmt: nod:rapid;head pos: turn:further right;topic/focus:focus
1078832,18609233,1161,SIGN,eye brows:raised;head mvmt: nod:rapid;head pos: turn:further right;topic/focus:focus
1078832,18609233,1162,SIGN,eye brows:raised;head mvmt: nod:rapid;head pos: turn:further right;topic/focus:focus
1078832,18609233,1163,SIGN,eye brows:raised;head mvmt: nod:rapid;head pos: turn:further right;topic/focus:focus
1078832,18609233,1164,SIGN,eye brows:raised;head mvmt: nod:rapid;head pos: turn:further right;topic/focus:focus
1078832,18609233,1165,SIGN,eye brows:raised;head mvmt: nod:rapid;head pos: turn:further right;topic/focus:focus
1078832,18609233,1166,SIGN,eye brows:raised;head mvmt: nod:rapid;head pos: turn:further right;topic/focus:focus
1078832,18609233,1167,SIGN,eye brows:raised;head mvmt: nod:rapid;head pos: turn:further right;topic/focus:focus
1078832,18609233,1168,SIGN,eye brows:raised;head mvmt: nod:rapid;head pos: turn:further right;topic/focus:focus
1078832,18609233,1169,,eye brows:raised;head mvmt: nod:rapid;head pos: turn:further right
1078832,18609233,1170,,eye brows:raised;head mvmt: nod:rapid
1078832,18609233,1171,MAJOR,head mvmt: nod:rapid
1078832,18609233,1172,MAJOR,head mvmt: nod:rapid
1078832,18609233,1173,MAJOR,head mvmt: nod:rapid
1078832,18609233,1174,,head mvmt: nod:rapid
1078832,18609233,1175,,head mvmt: nod:rapid
1078832,18609233,1176,,head mvmt: nod:rapid
1078832,18609233,1177,HAVE,head mvmt: nod:rapid
1078832,18609233,1178,HAVE,head mvmt: nod:rapid
1078832,18609233,1179,HAVE,head mvmt: nod:rapid
1078832,18609233,1180,,eye aperture:lowered lid;head mvmt: nod:rapid
1078832,18609233,1181,,eye aperture:lowered lid;head mvmt: nod:rapid
1078832,18609233,1182,,eye aperture:lowered lid;head mvmt: nod:rapid
1078832,18609233,1183,,eye aperture:lowered lid;head mvmt: nod:rapid
1078832,18609233,1184,ADD-TO,eye aperture:lowered lid;eye brows:lowered;head mvmt: nod:rapid
1078832,18609233,1185,ADD-TO,eye aperture:lowered lid;eye brows:lowered;head mvmt: nod:rapid
1078832,18609233,1186,ADD-TO,eye aperture:lowered lid;eye brows:lowered;head mvmt: nod:rapid
1078832,18609233,1187,ADD-TO,eye aperture:lowered lid;eye brows:lowered;head mvmt: nod:rapid
1078832,18609233,1188,ADD-TO,eye aperture:lowered lid;eye brows:lowered;head mvmt: nod:rapid
1078832,18609233,1189,ADD-TO,eye aperture:lowered lid;eye brows:lowered;head mvmt: nod:rapid
1078832,18609233,1190,ADD-TO,eye aperture:lowered lid;eye brows:lowered;head mvmt: nod:rapid
1078832,18609233,1191,,eye aperture:lowered lid;eye brows:lowered;head mvmt: nod:rapid;head pos: turn:left
1078832,18609233,1192,,eye aperture:lowered lid;eye brows:lowered;head mvmt: nod:rapid;head pos: turn:left
1078832,18609233,1193,USE,eye aperture:lowered lid;eye brows:lowered;head mvmt: nod:rapid;head pos: turn:left
1078832,18609233,1194,USE,eye aperture:lowered lid;eye brows:lowered;head mvmt: nod:rapid;head pos: turn:left
1078832,18609233,1195,USE,eye aperture:lowered lid;eye brows:lowered;head mvmt: nod:rapid;head pos: turn:left
1078832,18609233,1196,USE,eye aperture:lowered lid;eye brows:lowered;head mvmt: nod:rapid;head pos: turn:left
1078832,18609233,1197,USE,eye aperture:lowered lid;eye brows:lowered;head mvmt: nod:rapid;head pos: turn:left
1078832,18609233,1198,USE,eye aperture:lowered lid;eye brows:lowered;head mvmt: nod:rapid;head pos: turn:left
1078832,18609233,1199,USE,eye aperture:lowered lid;eye brows:lowered;head mvmt: nod:rapid;head pos: turn:left
1078832,18609233,1200,USE,eye aperture:lowered lid;eye brows:lowered;head mvmt: nod:rapid;head pos: turn:left
1078832,18609233,1201,,eye aperture:lowered lid;eye brows:lowered;head mvmt: nod:rapid;head pos: turn:left
1078832,18609233,1202,,eye aperture:lowered lid;eye brows:lowered;head mvmt: nod:rapid;head pos: turn:left
1078832,18609233,1203,,eye aperture:lowered lid;eye brows:lowered;head mvmt: nod:rapid;head pos: turn:left
1078832,18609233,1204,,eye aperture:lowered lid;eye brows:lowered;head mvmt: nod:rapid;head pos: turn:left
1078832,18609233,1205,,eye aperture:lowered lid;eye brows:lowered;head mvmt: nod:rapid;head pos: turn:left
1078832,18609233,1206,,eye aperture:lowered lid;eye brows:lowered;head mvmt: nod:rapid;head pos: turn:left
1078832,18609233,1207,,eye aperture:lowered lid;eye brows:lowered;head mvmt: nod:rapid;head pos: turn:left
1078832,18609233,1208,TWO,eye aperture:lowered lid;eye brows:lowered;head mvmt: nod:rapid;head pos: turn:left
1078832,18609233,1209,TWO,eye aperture:lowered lid;eye brows:lowered;head mvmt: nod:rapid;head pos: turn:left
1078832,18609233,1210,TWO,eye aperture:lowered lid;eye brows:lowered;head mvmt: nod:rapid;head pos: turn:left
1078832,18609233,1211,TWO,eye aperture:lowered lid;eye brows:lowered;head mvmt: nod:rapid;head pos: turn:left
1078832,18609233,1212,TWO,eye aperture:lowered lid;eye brows:lowered;head mvmt: nod:rapid;head pos: turn:left
1078832,18609233,1213,TWO,eye aperture:lowered lid;eye brows:lowered;head mvmt: nod:rapid;head pos: turn:left
1078832,18609233,1214,TWO,eye brows:lowered;head mvmt: nod:rapid;head pos: turn:left
1078832,18609233,1215,TWO,eye brows:lowered;head mvmt: nod:rapid;head pos: turn:left
1078832,18609233,1216,TWO,eye brows:lowered;head mvmt: nod:rapid;head pos: turn:left
1078832,18609233,1217,,eye aperture:blink;eye brows:lowered;head mvmt: nod:rapid;head pos: turn:left
1078832,18609233,1218,,eye aperture:blink;eye brows:lowered;head mvmt: nod:rapid;head pos: turn:left
1078832,18609233,1219,,eye aperture:blink;eye brows:lowered;head mvmt: nod:rapid;head pos: turn:left
1078832,18609233,1220,,eye aperture:blink;eye brows:lowered;head mvmt: nod:rapid;head pos: turn:left
1078832,18609233,1221,,eye aperture:blink;eye brows:lowered;head mvmt: nod:rapid;head pos: turn:left
1078832,18609233,1222,,eye aperture:blink;eye brows:lowered;head mvmt: nod:rapid;head pos: turn:left
1078832,18609233,1223,,eye aperture:blink;eye brows:lowered;head mvmt: nod:rapid;head pos: turn:left
1078832,18609233,1224,,eye aperture:blink;eye brows:lowered;head mvmt: nod:rapid;head pos: turn:left
1078832,18609233,1225,VOICE,eye brows:lowered;head mvmt: nod:rapid;head pos: turn:left
1078832,18609233,1226,VOICE,eye brows:lowered;head mvmt: nod:rapid;head pos: turn:left
1078832,18609233,1227,VOICE,eye brows:lowered;head mvmt: nod:rapid;head pos: turn:left
1078832,18609233,1228,VOICE,eye aperture:further lowered;eye brows:lowered;head mvmt: nod:rapid;head pos: turn:left
1078832,18609233,1229,VOICE,eye aperture:further lowered;eye brows:lowered;head mvmt: nod:rapid;head pos: turn:left
1078832,18609233,1230,VOICE,eye aperture:further lowered;eye brows:lowered;head mvmt: nod:rapid;head pos: turn:left
1078832,18609233,1231,VOICE,eye aperture:further lowered;eye brows:lowered;head mvmt: nod:rapid;head pos: turn:left
1078832,18609233,1232,VOICE,eye aperture:further lowered;eye brows:lowered;head mvmt: nod:rapid;head pos: turn:left
1078832,18609233,1233,VOICE,eye aperture:further lowered;eye brows:lowered;head mvmt: nod:rapid;head pos: turn:left
1078832,18609233,1234,VOICE,eye aperture:further lowered;eye brows:lowered;head mvmt: nod:rapid;head pos: turn:left
1078832,18609233,1235,VOICE,eye aperture:further lowered;eye brows:lowered;head mvmt: nod:rapid;head pos: turn:left
1078832,18609233,1236,VOICE,eye aperture:further lowered;eye brows:lowered;head mvmt: nod:rapid;head pos: turn:left
1078832,18609233,1237,VOICE,eye aperture:further lowered;eye brows:lowered;head mvmt: nod:rapid;head pos: turn:left
1078832,18609233,1238,,eye aperture:further lowered;head pos: turn:left
1078832,18609233,1239,,eye aperture:further lowered;head pos: turn:left
1078832,18609233,1240,,eye aperture:further lowered;head pos: turn:left
1078832,18609233,1241,,eye aperture:further lowered;head pos: turn:left
1078832,18609233,1242,,eye aperture:further lowered;head pos: turn:left
1078832,18609233,1243,,eye aperture:further lowered;head pos: turn:left
1078832,18609233,1244,,eye aperture:further lowered;head pos: turn:left
1078832,18609233,1245,,eye aperture:further lowered;head pos: turn:left
1078832,18609233,1246,,eye aperture:further lowered;head pos: turn:left
1078832,18626145,1249,,eye aperture:blink;head pos: tilt fr/bk:slightly back
1078832,18626145,1250,,eye aperture:blink;eye brows:raised-furrowed;head pos: tilt fr/bk:slightly back
1078832,18626145,1251,,eye aperture:blink;eye brows:raised-furrowed;head pos: tilt fr/bk:slightly back;head pos: tilt side:slightly right
1078832,18626145,1252,,eye aperture:lowered lid;eye brows:raised-furrowed;head pos: tilt fr/bk:slightly back;head pos: tilt side:slightly right
1078832,18626145,1253,,eye aperture:lowered lid;eye brows:raised-furrowed;head pos: tilt fr/bk:slightly back;head pos: tilt side:slightly right
1078832,18626145,1254,,eye aperture:lowered lid;eye brows:raised-furrowed;head pos: tilt fr/bk:slightly back;head pos: tilt side:slightly right
1078832,18626145,1255,,eye aperture:lowered lid;eye brows:raised-furrowed;head pos: tilt fr/bk:slightly back;head pos: tilt side:slightly right
1078832,18626145,1256,,eye aperture:lowered lid;eye brows:raised-furrowed;head pos: tilt fr/bk:slightly back;head pos: tilt side:slightly right
1078832,18626145,1257,,eye aperture:lowered lid;eye brows:raised-furrowed;head pos: tilt fr/bk:slightly back;head pos: tilt side:slightly right
1078832,18626145,1258,,eye aperture:lowered lid;eye brows:raised-furrowed;head pos: tilt fr/bk:slightly back;head pos: tilt side:slightly right
1078832,18626145,1259,,eye aperture:lowered lid;eye brows:raised-furrowed;head pos: tilt fr/bk:slightly back;head pos: tilt side:slightly right
1078832,18626145,1260,IDEA,eye aperture:lowered lid;eye brows:raised-furrowed;head pos: tilt fr/bk:slightly back;head pos: tilt side:slightly right
1078832,18626145,1261,IDEA,eye aperture:lowered lid;eye brows:raised-furrowed;head pos: tilt fr/bk:slightly back;head pos: tilt side:slightly right
1078832,18626145,1262,IDEA,eye aperture:lowered lid;eye brows:raised-furrowed;head pos: tilt fr/bk:slightly back;head pos: tilt side:slightly right
1078832,18626145,1263,,eye aperture:lowered lid;eye brows:raised-furrowed;head pos: tilt fr/bk:slightly back;head pos: tilt side:slightly right
1078832,18626145,1264,,eye aperture:blink;eye brows:raised-furrowed;head pos: tilt fr/bk:slightly back;head pos: tilt side:slightly right
1078832,18626145,1265,,eye aperture:blink;eye brows:raised-furrowed;head pos: tilt fr/bk:slightly back;head pos: tilt side:slightly right
1078832,18626145,1266,,eye aperture:blink;eye brows:raised-furrowed;head pos: tilt fr/bk:slightly back;head pos: tilt side:slightly right
1078832,18626145,1267,,eye aperture:lowered lid;eye brows:raised-furrowed;head pos: tilt fr/bk:slightly back;head pos: tilt side:slightly right
1078832,18626145,1268,REALLY,eye aperture:lowered lid;eye brows:raised-furrowed;head pos: tilt fr/bk:slightly back;head pos: tilt side:slightly right
1078832,18626145,1269,REALLY,eye aperture:lowered lid;eye brows:raised-furrowed;head pos: tilt fr/bk:slightly back;head pos: tilt side:slightly right
1078832,18626145,1270,REALLY,eye aperture:lowered lid;eye brows:raised-furrowed;head pos: tilt fr/bk:slightly back;head pos: tilt side:slightly right
1078832,18626145,1271,,eye aperture:lowered lid;eye brows:raised-furrowed;head pos: tilt side:slightly right
1078832,18626145,1272,,eye aperture:lowered lid;eye brows:raised-furrowed;head pos: tilt side:slightly right
1078832,18626145,1273,,eye aperture:lowered lid;eye brows:raised-furrowed;head pos: tilt side:slightly right
1078832,18626145,1274,,eye aperture:lowered lid;eye brows:raised-furrowed
1078832,18626145,1275,,eye aperture:lowered lid;eye brows:raised-furrowed
1078832,18626145,1276,MORE,eye aperture:lowered lid;eye brows:raised-furrowed
1078832,18626145,1277,MORE,eye aperture:lowered lid;eye brows:raised-furrowed
1078832,18626145,1278,MORE,eye aperture:lowered lid;eye brows:raised-furrowed
1078832,18626145,1279,MORE,eye aperture:lowered lid;eye brows:raised-furrowed
1078832,18626145,1280,MORE,eye aperture:lowered lid;eye brows:raised-furrowed
1078832,18626145,1281,MORE,eye aperture:lowered lid;eye brows:raised-furrowed
1078832,18626145,1282,MORE,eye aperture:lowered lid;eye brows:raised-furrowed
1078832,18626145,1283,MORE,eye aperture:blink;eye brows:raised-furrowed
1078832,18626145,1284,,eye aperture:blink;eye brows:raised-furrowed
1078832,18626145,1285,,eye aperture:blink;eye brows:raised-furrowed
1078832,18626145,1286,,eye aperture:blink;eye brows:raised-furrowed
1078832,18626145,1287,,eye brows:raised-furrowed
1078832,18626145,1288,,eye aperture:squint;eye brows:raised-furrowed
1078832,18626145,1289,,eye aperture:squint;eye brows:raised-furrowed
1078832,18626145,1290,,eye aperture:squint;eye brows:raised-furrowed
1078832,18626145,1291,,eye aperture:squint;eye brows:raised-furrowed
1078832,18626145,1292,,eye aperture:squint;eye brows:raised-furrowed
1078832,18626145,1293,,eye aperture:squint;eye brows:raised-furrowed
1078832,18626145,1294,,eye aperture:squint;eye brows:raised-furrowed
1078832,18626145,1295,,eye aperture:squint;eye brows:raised-furrowed
1078832,18626145,1296,,eye aperture:squint;eye brows:raised-furrowed
1078832,18626145,1297,,eye aperture:squint;eye brows:raised-furrowed
1078832,18626145,1298,,eye aperture:squint;eye brows:raised-furrowed
1078832,18626145,1299,,eye aperture:squint;eye brows:raised-furrowed
1078832,18626145,1300,TWO,eye aperture:squint;eye brows:raised-furrowed
1078832,18626145,1301,TWO,eye aperture:squint;eye brows:raised-furrowed
1078832,18626145,1302,,eye aperture:squint;eye brows:raised-furrowed
1078832,18626145,1303,,eye aperture:squint;eye brows:raised-furrowed
1078832,18626145,1304,,eye aperture:squint;eye brows:raised-furrowed
1078832,18626145,1305,DIFFERENT,eye aperture:squint;eye brows:raised-furrowed
1078832,18626145,1306,DIFFERENT,eye aperture:squint;eye brows:raised-furrowed
1078832,18626145,1307,,eye aperture:squint;eye brows:raised-furrowed
1078832,18626145,1308,,eye aperture:squint;eye brows:raised-furrowed
1078832,18626145,1309,,eye aperture:squint;eye brows:raised-furrowed
1078832,18626145,1310,,eye aperture:squint;eye brows:raised-furrowed
1078832,18626145,1311,,eye aperture:squint;eye brows:raised-furrowed
1078832,18626145,1312,SEPARATE,eye aperture:squint;eye brows:raised-furrowed
1078832,18626145,1313,SEPARATE,eye aperture:squint;eye brows:raised-furrowed
1078832,18626145,1314,SEPARATE,eye aperture:squint;eye brows:raised-furrowed
1078832,18626145,1315,SEPARATE,eye aperture:squint;eye brows:raised-furrowed
1078832,18626145,1316,SEPARATE,eye aperture:squint;eye brows:raised-furrowed
1078832,18626145,1317,SEPARATE,eye aperture:squint;eye brows:raised-furrowed
1078832,18626145,1318,,eye aperture:squint;eye brows:raised-furrowed
1078832,18626145,1319,ROAD,eye aperture:squint;eye brows:raised-furrowed
1078832,18626145,1320,ROAD,eye aperture:squint;eye brows:raised-furrowed
1078832,18626145,1321,ROAD,eye aperture:squint;eye brows:raised-furrowed
1078832,18626145,1322,ROAD,eye aperture:squint;eye brows:raised-furrowed
1078832,18626145,1323,ROAD,eye brows:raised-furrowed
1078832,18626145,1324,,eye aperture:blink;eye brows:raised-furrowed
1078832,18626145,1325,,eye aperture:blink;eye brows:raised-furrowed
1078832,18626145,1326,,eye brows:raised-furrowed
1078832,18626145,1327,,eye brows:raised-furrowed;head pos: tilt side:right
1078832,18626145,1328,,eye brows:raised-furrowed;head pos: tilt side:right
1078832,18626145,1329,SET-UP,eye brows:raised-furrowed;head pos: tilt side:right
1078832,18626145,1330,SET-UP,eye brows:raised-furrowed;head pos: tilt side:right
1078832,18626145,1331,SET-UP,eye brows:raised-furrowed;head pos: tilt side:right
1078832,18626145,1332,SET-UP,eye brows:raised-furrowed;head pos: tilt side:right
1078832,18626145,1333,SET-UP,eye brows:raised-furrowed;head pos: tilt side:right
1078832,18626145,1334,,eye brows:raised-furrowed;head pos: tilt side:right
1078832,18626145,1335,,eye brows:raised-furrowed;head pos: tilt side:right
1078832,18626145,1336,,eye brows:raised-furrowed;head pos: tilt side:right
1078832,18626145,1337,,eye aperture:squint;eye brows:raised-furrowed;head pos: tilt side:right
1078832,18626145,1338,,eye aperture:squint;eye brows:raised-furrowed;head pos: tilt side:right
1078832,18626145,1339,ON,eye aperture:squint;eye brows:raised-furrowed;head pos: tilt side:right
1078832,18626145,1340,ON,eye aperture:squint;eye brows:raised-furrowed;head pos: tilt side:right
1078832,18626145,1341,ON,eye aperture:squint;eye brows:raised-furrowed;head pos: tilt side:right
1078832,18626145,1342,,eye aperture:squint;eye brows:raised-furrowed;head pos: tilt side:right
1078832,18626145,1343,,eye aperture:squint;eye brows:raised-furrowed;head pos: tilt side:right
1078832,18626145,1344,,eye aperture:squint;eye brows:raised-furrowed;head pos: tilt side:right
1078832,18626145,1345,,eye aperture:squint;eye brows:raised-furrowed;head pos: tilt side:right
1078832,18626145,1346,,eye aperture:squint;eye brows:raised-furrowed;head pos: tilt side:right
1078832,18626145,1347,,eye aperture:squint;eye brows:raised-furrowed;head pos: tilt side:right
1078832,18626145,1348,,eye aperture:squint;eye brows:raised-furrowed;head pos: tilt side:right
1078832,18626145,1349,,eye aperture:squint;eye brows:raised-furrowed;head pos: tilt side:right
1078832,18626145,1350,,eye aperture:squint;eye brows:raised-furrowed;head pos: tilt side:right
1078832,18626145,1351,,eye aperture:squint;eye brows:raised-furrowed;head pos: tilt side:right
1078832,18626145,1352,,eye aperture:squint;eye brows:raised-furrowed
1078832,18626145,1353,,eye aperture:squint;eye brows:raised-furrowed;head pos: tilt side:slightly right
1078832,18626145,1354,5let's see,eye aperture:squint;eye brows:raised-furrowed;head pos: tilt side:slightly right
1078832,18626145,1355,5let's see,eye aperture:squint;eye brows:raised-furrowed;head pos: tilt side:slightly right
1078832,18626145,1356,5let's see,eye aperture:squint;eye brows:raised-furrowed;head pos: tilt side:slightly right
1078832,18626145,1357,5let's see,eye aperture:squint;eye brows:raised-furrowed;head pos: tilt side:slightly right
1078832,18626145,1358,5let's see,eye aperture:squint;eye brows:raised-furrowed;head pos: tilt side:slightly right
1078832,18626145,1359,5let's see,eye aperture:squint;eye brows:raised-furrowed;head pos: tilt side:slightly right
1078832,18626145,1360,,eye aperture:squint;eye brows:raised-furrowed;head pos: tilt side:slightly right
1078832,18626145,1361,,eye aperture:squint;eye brows:raised-furrowed;head pos: tilt side:slightly right
1078832,18626145,1362,,eye aperture:squint;eye brows:raised-furrowed;head pos: tilt side:slightly right
1078832,18626145,1363,,eye aperture:squint;eye brows:raised-furrowed;head pos: tilt side:slightly right
1078832,18626145,1364,,eye aperture:squint;eye brows:raised-furrowed;head pos: tilt side:slightly right
1078832,18626145,1365,,eye aperture:squint;eye brows:raised-furrowed;head pos: tilt side:slightly right
1078832,18626145,1366,,eye aperture:squint;eye brows:raised-furrowed;head pos: tilt side:slightly right
1078832,18626145,1367,,eye aperture:squint;eye brows:raised-furrowed;head pos: tilt side:slightly right
1078832,18626145,1368,,eye aperture:squint;eye brows:raised-furrowed;head pos: tilt side:slightly right
1078832,18626145,1369,,eye aperture:squint;eye brows:raised-furrowed;head pos: tilt side:slightly right
1078832,18626145,1370,(5)FIRST-IN-LIST,eye aperture:squint;eye brows:raised-furrowed;head pos: tilt side:slightly right
1078832,18626145,1371,(5)FIRST-IN-LIST,eye aperture:squint;eye brows:raised-furrowed;head pos: tilt side:slightly right
1078832,18626145,1372,(5)FIRST-IN-LIST,eye aperture:squint;eye brows:raised-furrowed;head pos: tilt side:slightly right
1078832,18626145,1373,(5)FIRST-IN-LIST,eye aperture:squint;eye brows:raised-furrowed;head pos: tilt side:slightly right
1078832,18626145,1374,(5)FIRST-IN-LIST,eye aperture:squint;eye brows:raised-furrowed;head pos: tilt side:slightly right
1078832,18626145,1375,(5)FIRST-IN-LIST,eye aperture:squint;eye brows:raised-furrowed;head pos: tilt side:slightly right
1078832,18626145,1376,(5)FIRST-IN-LIST,eye aperture:squint;eye brows:raised-furrowed;head pos: tilt side:slightly right
1078832,18626145,1377,,eye aperture:squint;eye brows:raised-furrowed;head pos: tilt side:slightly right
1078832,18626145,1378,,eye aperture:squint;eye brows:raised-furrowed;head pos: tilt side:slightly right
1078832,18626145,1379,,eye aperture:squint;eye brows:raised-furrowed;head pos: tilt side:slightly right
1078832,18626145,1380,,eye aperture:squint;eye brows:raised-furrowed;head pos: tilt side:slightly right
1078832,18626145,1381,,eye aperture:squint;eye brows:raised-furrowed;head pos: tilt side:slightly right
1078832,18626145,1382,,eye aperture:squint;eye brows:raised-furrowed;head pos: tilt side:slightly right
1078832,18626145,1383,,eye aperture:squint;eye brows:raised-furrowed;head pos: tilt side:slightly right
1078832,18626145,1384,,eye aperture:squint;eye brows:raised-furrowed;head pos: tilt side:slightly right
1078832,18626145,1385,,eye aperture:squint;eye brows:raised-furrowed;head pos: tilt side:slightly right
1078832,18626145,1386,,eye aperture:squint;eye brows:raised-furrowed;head pos: tilt side:slightly right
1078832,18626145,1387,,eye aperture:squint;eye brows:raised-furrowed;head pos: tilt side:slightly right
1078832,18626145,1388,STORY,eye aperture:squint;eye brows:raised-furrowed;head pos: tilt side:slightly right
1078832,18626145,1389,STORY,eye aperture:squint;eye brows:raised-furrowed;head pos: tilt side:slightly right
1078832,18626145,1390,STORY,eye aperture:squint;eye brows:raised-furrowed;head pos: tilt side:slightly right
1078832,18626145,1391,STORY,eye aperture:squint;eye brows:raised-furrowed;head pos: tilt side:slightly right
1078832,18626145,1392,STORY,eye aperture:squint;eye brows:raised-furrowed;head pos: tilt side:slightly right
1078832,18626145,1393,STORY,eye aperture:squint;eye brows:raised-furrowed;head pos: tilt side:slightly right
1078832,18626145,1394,STORY,eye aperture:squint;eye brows:raised-furrowed;head pos: tilt side:slightly right
1078832,18626145,1395,STORY,eye aperture:squint;eye brows:raised-furrowed;head pos: tilt side:slightly right
1078832,18626145,1396,STORY,eye aperture:squint;eye brows:raised-furrowed;head pos: tilt side:slightly right
1078832,18626145,1397,STORY,eye aperture:squint;eye brows:raised-furrowed;head pos: tilt side:slightly right
1078832,18626145,1398,STORY,eye aperture:squint;eye brows:raised-furrowed;head pos: tilt side:slightly right
1078832,18626145,1399,,eye aperture:squint;eye brows:raised-furrowed;head pos: tilt side:slightly right
1078832,18626145,1400,,eye aperture:squint;eye brows:raised-furrowed;head pos: tilt side:slightly right
1078832,18626145,1401,SYSTEM,eye aperture:squint;eye brows:raised-furrowed;head pos: tilt side:slightly right
1078832,18626145,1402,SYSTEM,eye aperture:squint;eye brows:raised-furrowed;head pos: tilt side:slightly right
1078832,18626145,1403,SYSTEM,eye aperture:squint;eye brows:raised-furrowed;head pos: tilt side:slightly right
1078832,18626145,1404,SYSTEM,eye aperture:squint;eye brows:raised-furrowed;head pos: tilt side:slightly right
1078832,18626145,1405,SYSTEM,eye aperture:squint;eye brows:raised-furrowed;head pos: tilt side:slightly right
1078832,18626145,1406,SYSTEM,eye aperture:squint;eye brows:raised-furrowed;head pos: tilt side:slightly right
1078832,18626145,1407,SYSTEM,eye aperture:squint;eye brows:raised-furrowed;head pos: tilt side:slightly right
1078832,18626145,1408,SYSTEM,eye aperture:squint;eye brows:raised-furrowed;head pos: tilt side:slightly right
1078832,18626145,1409,SYSTEM,eye aperture:squint;eye brows:raised-furrowed;head pos: tilt side:slightly right
1078832,18626145,1410,SYSTEM,eye aperture:squint;eye brows:raised-furrowed;head pos: tilt side:slightly right
1078832,18626145,1411,,eye aperture:squint;eye brows:raised-furrowed;head pos: tilt side:slightly right
1078832,18626145,1412,,eye aperture:squint;eye brows:raised-furrowed;head pos: tilt side:slightly right
1078832,18626145,1413,,eye aperture:squint;eye brows:raised-furrowed;head pos: tilt side:slightly right
1078832,18626145,1414,,eye aperture:squint;eye brows:raised-furrowed;head pos: tilt side:slightly right
1078832,18626145,1415,,eye aperture:squint;eye brows:raised-furrowed;head pos: tilt side:slightly right
1078832,18626145,1416,,eye aperture:squint;eye brows:raised-furrowed;head pos: tilt side:slightly right;rhetorical question:rhq
1078832,18626145,1417,,eye aperture:squint;eye brows:raised-furrowed;head pos: tilt side:slightly right;rhetorical question:rhq
1078832,18626145,1418,HOW,eye aperture:squint;eye brows:raised-furrowed;head pos: tilt side:slightly right;rhetorical question:rhq
1078832,18626145,1419,HOW,eye aperture:squint;eye brows:raised-furrowed;head pos: tilt side:slightly right;rhetorical question:rhq
1078832,18626145,1420,HOW,eye aperture:squint;eye brows:raised-furrowed;head pos: tilt side:slightly right;rhetorical question:rhq
1078832,18626145,1421,,eye aperture:squint;eye brows:raised-furrowed;head pos: tilt side:slightly right;rhetorical question:rhq
1078832,18626145,1422,,eye aperture:squint;eye brows:raised-furrowed;head pos: tilt side:slightly right;rhetorical question:rhq
1078832,18626145,1423,,eye aperture:squint;eye brows:raised-furrowed;head pos: tilt side:slightly right;rhetorical question:rhq
1078832,18626145,1424,,eye aperture:squint;eye brows:raised-furrowed;head pos: tilt side:slightly right;rhetorical question:rhq
1078832,18626145,1425,EXPRESS,eye aperture:squint;eye brows:raised-furrowed;head pos: tilt side:slightly right;rhetorical question:rhq
1078832,18626145,1426,EXPRESS,eye aperture:squint;eye brows:raised-furrowed;head pos: tilt side:slightly right;rhetorical question:rhq
1078832,18626145,1427,EXPRESS,eye aperture:squint;eye brows:raised-furrowed;head pos: tilt side:slightly right;rhetorical question:rhq
1078832,18626145,1428,EXPRESS,eye aperture:squint;eye brows:raised-furrowed;head pos: tilt side:slightly right;rhetorical question:rhq
1078832,18626145,1429,EXPRESS,eye aperture:squint;eye brows:raised-furrowed;head pos: tilt side:slightly right;rhetorical question:rhq
1078832,18626145,1430,EXPRESS,eye aperture:squint;eye brows:raised-furrowed;head pos: tilt side:slightly right;rhetorical question:rhq
1078832,18626145,1431,EXPRESS,eye aperture:squint;eye brows:raised-furrowed;head pos: tilt side:slightly right;rhetorical question:rhq
1078832,18626145,1432,EXPRESS,eye aperture:squint;eye brows:raised-furrowed;head pos: tilt side:slightly right;rhetorical question:rhq
1078832,18626145,1433,EXPRESS,eye aperture:squint;eye brows:raised-furrowed;head pos: tilt side:slightly right;rhetorical question:rhq
1078832,18626145,1434,EXPRESS,eye aperture:squint;eye brows:raised-furrowed;head pos: tilt side:slightly right;rhetorical question:rhq
1078832,18626145,1435,EXPRESS,eye aperture:squint;eye brows:raised-furrowed;head pos: tilt side:slightly right;rhetorical question:rhq
1078832,18626145,1436,,eye aperture:squint;eye brows:raised-furrowed;head pos: tilt side:slightly right;rhetorical question:rhq
1078832,18626145,1437,,eye aperture:squint;eye brows:raised-furrowed;head pos: tilt side:slightly right;rhetorical question:rhq
1078832,18626145,1438,,eye aperture:squint;eye brows:raised-furrowed;head pos: tilt side:slightly right;rhetorical question:rhq
1078832,18626145,1439,,eye aperture:squint;eye brows:raised-furrowed;head pos: tilt side:slightly right;rhetorical question:rhq
1078832,18626145,1440,,eye aperture:squint;eye brows:raised-furrowed;head pos: tilt side:slightly right;rhetorical question:rhq
1078832,18626145,1441,,eye aperture:squint;eye brows:raised-furrowed;head pos: tilt side:slightly right;rhetorical question:rhq
1078832,18626145,1442,,eye aperture:squint;eye brows:raised-furrowed;head pos: tilt side:slightly right;rhetorical question:rhq
1078832,18626145,1443,,head pos: tilt side:slightly right;rhetorical question:rhq
1078832,18626145,1444,,head pos: tilt side:slightly right
1078832,18640471,1450,,eye aperture:wide;topic/focus:focus
1078832,18640471,1451,(5)FIRST-IN-LIST,eye aperture:wide;eye brows:further raised;shoulders:raised;topic/focus:focus
1078832,18640471,1452,(5)FIRST-IN-LIST,eye aperture:wide;eye brows:further raised;head mvmt: nod:slight rapid head nod;shoulders:raised;topic/focus:focus
1078832,18640471,1453,(5)FIRST-IN-LIST,eye aperture:wide;eye brows:further raised;head mvmt: nod:slight rapid head nod;shoulders:raised;topic/focus:focus
1078832,18640471,1454,(5)FIRST-IN-LIST,eye aperture:wide;eye brows:further raised;head mvmt: nod:slight rapid head nod;shoulders:raised;topic/focus:focus
1078832,18640471,1455,(5)FIRST-IN-LIST,eye aperture:wide;eye brows:further raised;head mvmt: nod:slight rapid head nod;shoulders:raised;topic/focus:focus
1078832,18640471,1456,(5)FIRST-IN-LIST,eye brows:further raised;head mvmt: nod:slight rapid head nod;shoulders:raised;topic/focus:focus
1078832,18640471,1457,(5)FIRST-IN-LIST,head mvmt: nod:slight rapid head nod;shoulders:raised;topic/focus:focus
1078832,18640471,1458,,head mvmt: nod:slight rapid head nod;shoulders:raised
1078832,18640471,1459,,head mvmt: nod:slight rapid head nod;shoulders:raised
1078832,18640471,1460,,head mvmt: nod:slight rapid head nod;shoulders:raised
1078832,18640471,1461,,head mvmt: nod:slight rapid head nod;shoulders:raised
1078832,18640471,1462,,eye aperture:squint;head mvmt: nod:slight rapid head nod;shoulders:raised
1078832,18640471,1463,THROUGH_2,eye aperture:squint;head mvmt: nod:slight rapid head nod;shoulders:raised
1078832,18640471,1464,THROUGH_2,eye aperture:squint;head mvmt: nod:slight rapid head nod;shoulders:raised
1078832,18640471,1465,,eye aperture:squint;head mvmt: nod:slight rapid head nod;shoulders:raised
1078832,18640471,1466,,eye aperture:squint;head mvmt: nod:slight rapid head nod
1078832,18640471,1467,,eye aperture:squint;head mvmt: nod:slight rapid head nod
1078832,18640471,1468,,eye aperture:squint;head mvmt: nod:slight rapid head nod
1078832,18640471,1469,TALKwg,eye aperture:squint;head mvmt: nod:slight rapid head nod
1078832,18640471,1470,TALKwg,eye aperture:squint;head mvmt: nod:slight rapid head nod
1078832,18640471,1471,TALKwg,head mvmt: nod:slight rapid head nod
1078832,18640471,1472,TALKwg,head mvmt: nod:slight rapid head nod
1078832,18640471,1473,TALKwg,head mvmt: nod:slight rapid head nod
1078832,18640471,1474,TALKwg,head mvmt: nod:slight rapid head nod
1078832,18640471,1475,TALKwg,head mvmt: nod:slight rapid head nod
1078832,18640471,1476,,head mvmt: nod:slight rapid head nod
1078832,18640471,1477,,head mvmt: nod:slight rapid head nod
1078832,18640471,1478,,head mvmt: nod:slight rapid head nod
1078832,18640471,1479,,head mvmt: nod:slight rapid head nod
1078832,18640471,1480,,head mvmt: nod:slight rapid head nod
1078832,18640471,1481,,eye brows:raised;head mvmt: nod:slight rapid head nod;topic/focus:focus
1078832,18640471,1482,,eye brows:raised;head mvmt: nod:slight rapid head nod;topic/focus:focus
1078832,18640471,1483,,eye brows:raised;head mvmt: nod:slight rapid head nod;topic/focus:focus
1078832,18640471,1484,(5)FIRST-IN-LIST,eye brows:raised;head mvmt: nod:slight rapid head nod;topic/focus:focus
1078832,18640471,1485,(5)FIRST-IN-LIST,head mvmt: nod:slight rapid head nod;shoulders:raised;topic/focus:focus
1078832,18640471,1486,(5)FIRST-IN-LIST,head mvmt: nod:slight rapid head nod;shoulders:raised;topic/focus:focus
1078832,18640471,1487,(5)FIRST-IN-LIST,head mvmt: nod:slight rapid head nod;shoulders:raised;topic/focus:focus
1078832,18640471,1488,,head mvmt: nod:slight rapid head nod;shoulders:raised
1078832,18640471,1489,,head mvmt: nod:slight rapid head nod;shoulders:raised
1078832,18640471,1490,,head mvmt: nod:slight rapid head nod;shoulders:raised
1078832,18640471,1491,,head mvmt: nod:slight rapid head nod;shoulders:raised
1078832,18640471,1492,,head mvmt: nod:slight rapid head nod;shoulders:raised
1078832,18640471,1493,THROUGH_2,head mvmt: nod:slight rapid head nod;shoulders:raised
1078832,18640471,1494,THROUGH_2,head mvmt: nod:slight rapid head nod;shoulders:raised
1078832,18640471,1495,THROUGH_2,head mvmt: nod:slight rapid head nod;shoulders:raised
1078832,18640471,1496,,head mvmt: nod:slight rapid head nod;shoulders:raised
1078832,18640471,1497,,head mvmt: nod:slight rapid head nod
1078832,18640471,1498,SIGN,head mvmt: nod:slight rapid head nod
1078832,18640471,1499,SIGN,head mvmt: nod:slight rapid head nod
1078832,18640471,1500,SIGN,head mvmt: nod:slight rapid head nod
1078832,18640471,1501,SIGN,head mvmt: nod:slight rapid head nod
1078832,18640471,1502,SIGN,head mvmt: nod:slight rapid head nod
1078832,18640471,1503,SIGN,head mvmt: nod:slight rapid head nod
1078832,18640471,1504,SIGN,head mvmt: nod:slight rapid head nod
1078832,18640471,1505,SIGN,head mvmt: nod:slight rapid head nod
1078832,18640471,1506,,head mvmt: nod:slight rapid head nod
1078832,18640471,1507,,head mvmt: nod:slight rapid head nod
1078832,18640471,1508,,head mvmt: nod:slight rapid head nod
1078832,18640471,1509,,head mvmt: nod:slight rapid head nod
1078832,18640471,1510,,head mvmt: nod:slight rapid head nod
1078832,18640471,1511,ROAD,head mvmt: nod:slight rapid head nod
1078832,18640471,1512,ROAD,head mvmt: nod:slight rapid head nod
1078832,18640471,1513,ROAD,head mvmt: nod:slight rapid head nod
1078832,18640471,1514,ROAD,head mvmt: nod:slight rapid head nod
1078832,18640471,1515,ROAD,eye aperture:slightly squinted;head mvmt: nod:slight rapid head nod
1078832,18640471,1516,ROAD,eye aperture:slightly squinted;head mvmt: nod:slight rapid head nod
1078832,18640471,1517,ROAD,eye aperture:slightly squinted;head mvmt: nod:slight rapid head nod
1078832,18640471,1518,ROAD,eye aperture:slightly squinted;head mvmt: nod:slight rapid head nod
1078832,18640471,1519,ROAD,eye aperture:slightly squinted;eye brows:lowered;head mvmt: nod:slight rapid head nod;head pos: tilt side:slightly left
1078832,18640471,1520,,eye aperture:slightly squinted;eye brows:lowered;head mvmt: nod:slight rapid head nod;head pos: tilt side:slightly left
1078832,18640471,1521,,eye aperture:slightly squinted;eye brows:lowered;head mvmt: nod:slight rapid head nod;head pos: tilt side:slightly left
1078832,18640471,1522,,eye aperture:slightly squinted;eye brows:lowered;head mvmt: nod:slight rapid head nod;head pos: tilt side:slightly left
1078832,18640471,1523,THAT,eye aperture:slightly squinted;eye brows:lowered;head mvmt: nod:slight rapid head nod;head pos: tilt side:slightly left
1078832,18640471,1524,THAT,eye aperture:slightly squinted;eye brows:lowered;head mvmt: nod:slight rapid head nod;head pos: tilt side:slightly left
1078832,18640471,1525,,eye aperture:slightly squinted;eye brows:lowered;head mvmt: nod:slight rapid head nod;head pos: tilt side:slightly left
1078832,18640471,1526,,eye aperture:slightly squinted;eye brows:lowered;head mvmt: nod:slight rapid head nod;head pos: tilt side:slightly left
1078832,18640471,1527,,eye aperture:slightly squinted;eye brows:lowered;head mvmt: nod:slight rapid head nod;head pos: tilt side:slightly left
1078832,18640471,1528,,eye aperture:slightly squinted;eye brows:lowered;head mvmt: nod:slight rapid head nod;head pos: tilt side:slightly left
1078832,18640471,1529,,eye aperture:slightly squinted;eye brows:lowered;head mvmt: nod:slight rapid head nod;head pos: tilt side:slightly left
1078832,18640471,1530,,eye aperture:slightly squinted;eye brows:lowered;head mvmt: nod:slight rapid head nod;head pos: tilt side:slightly left
1078832,18640471,1531,,eye aperture:slightly squinted;eye brows:lowered;head mvmt: nod:slight rapid head nod;head pos: tilt side:slightly left
1078832,18640471,1532,IDEA,eye aperture:slightly squinted;eye brows:lowered;head mvmt: nod:slight rapid head nod;head pos: tilt side:slightly left
1078832,18640471,1533,IDEA,eye aperture:slightly squinted;eye brows:lowered;head mvmt: nod:slight rapid head nod;head pos: tilt side:slightly left
1078832,18640471,1534,IDEA,eye aperture:slightly squinted;eye brows:lowered;head mvmt: nod:slight rapid head nod;head pos: tilt side:slightly left
1078832,18640471,1535,IDEA,eye brows:lowered;head mvmt: nod:slight rapid head nod;head pos: tilt side:slightly left
1078832,18640471,1536,,eye brows:lowered;head mvmt: nod:slight rapid head nod;head pos: tilt side:slightly left
1078832,18640471,1537,,eye aperture:lowered lid;eye brows:lowered;head mvmt: nod:slight rapid head nod;head pos: tilt side:slightly left
1078832,18640471,1538,,eye aperture:lowered lid;eye brows:lowered;head mvmt: nod:slight rapid head nod;head pos: tilt side:slightly left
1078832,18640471,1539,,eye aperture:lowered lid;eye brows:lowered;head mvmt: nod:slight rapid head nod;head pos: tilt side:slightly left
1078832,18640471,1540,SET-UP:i,eye aperture:lowered lid;eye brows:lowered;head mvmt: nod:slight rapid head nod;head pos: tilt side:slightly left
1078832,18640471,1541,SET-UP:i,eye aperture:lowered lid;eye brows:lowered;head mvmt: nod:slight rapid head nod;head pos: tilt side:slightly left
1078832,18640471,1542,SET-UP:i,eye aperture:lowered lid;eye brows:lowered;head mvmt: nod:slight rapid head nod;head pos: tilt side:slightly left
1078832,18640471,1543,SET-UP:i,eye aperture:lowered lid;eye brows:lowered;head mvmt: nod:slight rapid head nod;head pos: tilt side:slightly left
1078832,18640471,1544,SET-UP:i,eye aperture:lowered lid;eye brows:lowered;head mvmt: nod:slight rapid head nod;head pos: tilt side:slightly left
1078832,18640471,1545,SET-UP:i,eye aperture:lowered lid;eye brows:lowered;head mvmt: nod:slight rapid head nod;head pos: tilt side:slightly left
1078832,18640471,1546,SET-UP:i,eye aperture:lowered lid;eye brows:lowered;head mvmt: nod:slight rapid head nod;head pos: tilt side:slightly left
1078832,18640471,1547,,eye aperture:lowered lid;eye brows:lowered;head mvmt: nod:slight rapid head nod;head pos: tilt side:slightly left
1078832,18640471,1548,,eye aperture:lowered lid;eye brows:lowered;head mvmt: nod:slight rapid head nod
1078832,18640471,1549,,eye aperture:lowered lid;eye brows:lowered;head mvmt: nod:slight rapid head nod
1078832,18640471,1550,,eye aperture:lowered lid;eye brows:lowered;head mvmt: nod:slight rapid head nod
1078832,18640471,1551,,eye aperture:lowered lid;eye brows:lowered;head mvmt: nod:slight rapid head nod
1078832,18640471,1552,,eye aperture:slightly squinted;eye brows:lowered;head mvmt: nod:slight rapid head nod
1078832,18640471,1553,,eye aperture:slightly squinted;eye brows:lowered;head mvmt: nod:slight rapid head nod
1078832,18640471,1554,,eye aperture:slightly squinted;eye brows:lowered;head mvmt: nod:slight rapid head nod
1078832,18640471,1555,,eye aperture:slightly squinted;eye brows:lowered;head mvmt: nod:slight rapid head nod
1078832,18640471,1556,,eye aperture:slightly squinted;eye brows:lowered;head mvmt: nod:slight rapid head nod
1078832,18640471,1557,SET-UP:j,eye aperture:slightly squinted;eye brows:lowered;head mvmt: nod:slight rapid head nod
1078832,18640471,1558,SET-UP:j,eye aperture:slightly squinted;eye brows:lowered;head mvmt: nod:slight rapid head nod
1078832,18640471,1559,SET-UP:j,eye aperture:slightly squinted;eye brows:lowered;head mvmt: nod:slight rapid head nod
1078832,18640471,1560,SET-UP:j,eye aperture:slightly squinted;eye brows:lowered;head mvmt: nod:slight rapid head nod
1078832,18640471,1561,,eye aperture:slightly squinted;eye brows:lowered;head mvmt: nod:slight rapid head nod
1078832,18640471,1562,,eye aperture:slightly squinted;eye brows:lowered;head mvmt: nod:slight rapid head nod
1078832,18640471,1563,,eye aperture:slightly squinted;eye brows:lowered;head mvmt: nod:slight rapid head nod
1078832,18640471,1564,,eye aperture:slightly squinted;eye brows:lowered;head mvmt: nod:slight rapid head nod
1078832,18640471,1565,,eye aperture:slightly squinted;eye brows:lowered;head mvmt: nod:slight rapid head nod
1078832,18640471,1566,,eye aperture:slightly squinted;eye brows:lowered;head mvmt: nod:slight rapid head nod
1078832,18640471,1567,,eye aperture:slightly squinted;eye brows:lowered;head mvmt: nod:slight rapid head nod
1078832,18640471,1568,,eye aperture:slightly squinted;eye brows:lowered;head mvmt: nod:slight rapid head nod
1078832,18640471,1569,,eye aperture:slightly squinted;eye brows:lowered;head mvmt: nod:slight rapid head nod
1078832,18640471,1570,,eye aperture:slightly squinted;eye brows:lowered;head mvmt: nod:slight rapid head nod
1078832,18640471,1571,,eye aperture:slightly squinted;eye brows:lowered;head mvmt: nod:slight rapid head nod
1078832,18640471,1572,,eye brows:lowered;head mvmt: nod:slight rapid head nod
1078832,18640471,1573,,eye aperture:blink;eye brows:lowered;head mvmt: nod:slight rapid head nod
1078832,18640471,1574,,eye aperture:blink;eye brows:lowered;head mvmt: nod:slight rapid head nod
1078832,18640471,1575,,eye aperture:blink;eye brows:lowered;head mvmt: nod:slight rapid head nod
1078832,18640471,1576,,eye brows:lowered;head mvmt: nod:slight rapid head nod
1078832,18640471,1577,,eye brows:lowered;head mvmt: nod:slight rapid head nod
1078832,18640471,1578,,eye aperture:closed;eye brows:lowered;head mvmt: nod:slight rapid head nod
1078832,18640471,1579,,eye aperture:closed;eye brows:lowered;head mvmt: nod:slight rapid head nod
1078832,18640471,1580,,eye aperture:closed;eye brows:lowered;head mvmt: nod:slight rapid head nod
1078832,18640471,1581,,eye aperture:closed;eye brows:lowered;head mvmt: nod:slight rapid head nod
1078832,18640471,1582,,eye aperture:closed;eye brows:lowered
1078832,18640471,1583,,eye aperture:closed;eye brows:lowered
1078832,18640471,1584,,eye aperture:closed;eye brows:lowered
1078832,18640471,1585,,eye aperture:closed;eye brows:lowered
1078832,18640471,1586,,eye aperture:closed;eye brows:lowered
1078832,18640471,1587,,eye aperture:closed;eye brows:lowered
1078832,18640471,1588,,eye aperture:closed;eye brows:lowered
1078832,18640471,1589,,eye brows:lowered
1078832,18755378,1593,,eye aperture:further lowered;eye brows:lowered
1078832,18755378,1594,,eye aperture:further lowered;eye brows:lowered
1078832,18755378,1595,,eye aperture:further lowered;eye brows:lowered
1078832,18755378,1596,,eye aperture:further lowered;eye brows:lowered
1078832,18755378,1597,,eye aperture:further lowered;eye brows:lowered
1078832,18755378,1598,,eye aperture:further lowered;eye brows:lowered
1078832,18755378,1599,,eye aperture:further lowered;eye brows:lowered
1078832,18755378,1600,,eye aperture:further lowered;eye brows:lowered
1078832,18755378,1601,,eye aperture:further lowered;eye brows:lowered
1078832,18755378,1602,BELOW_2,eye aperture:further lowered;eye brows:lowered;head pos: turn:slightly right
1078832,18755378,1603,BELOW_2,eye aperture:further lowered;eye brows:lowered;head pos: turn:slightly right
1078832,18755378,1604,BELOW_2,eye aperture:further lowered;eye brows:lowered;head pos: turn:slightly right
1078832,18755378,1605,BELOW_2,eye aperture:further lowered;eye brows:lowered;head pos: turn:slightly right
1078832,18755378,1606,BELOW_2,eye aperture:further lowered;eye brows:lowered;head pos: turn:slightly right
1078832,18755378,1607,,eye aperture:further lowered;eye brows:lowered;head pos: turn:slightly right
1078832,18755378,1608,,eye aperture:further lowered;eye brows:lowered;head pos: turn:slightly right
1078832,18755378,1609,,eye aperture:further lowered;eye brows:lowered;head pos: turn:slightly right
1078832,18755378,1610,,eye aperture:further lowered;eye brows:lowered;head pos: turn:slightly right
1078832,18755378,1611,,eye aperture:further lowered;eye brows:lowered;head pos: turn:slightly right
1078832,18755378,1612,,eye aperture:further lowered;eye brows:lowered;head pos: turn:slightly right
1078832,18755378,1613,ON,eye aperture:further lowered;eye brows:lowered;head pos: turn:slightly right
1078832,18755378,1614,ON,eye aperture:further lowered;eye brows:lowered;head pos: turn:slightly right
1078832,18755378,1615,ON,eye aperture:further lowered;eye brows:lowered;head pos: turn:slightly right
1078832,18755378,1616,,eye aperture:further lowered;eye brows:lowered;head pos: turn:slightly right
1078832,18755378,1617,,eye aperture:further lowered;eye brows:lowered;head pos: turn:slightly right
1078832,18755378,1618,,eye aperture:further lowered;eye brows:lowered;head pos: turn:slightly right
1078832,18755378,1619,,eye aperture:further lowered;eye brows:lowered;head pos: turn:slightly right
1078832,18755378,1620,,eye aperture:further lowered;eye brows:lowered;head pos: turn:slightly right
1078832,18755378,1621,,eye aperture:further lowered;eye brows:lowered;head pos: turn:slightly right
1078832,18755378,1622,,eye aperture:further lowered;eye brows:lowered;head pos: turn:slightly right
1078832,18755378,1623,,eye aperture:further lowered;eye brows:lowered;head pos: turn:slightly right
1078832,18755378,1624,,eye aperture:further lowered;eye brows:lowered;head pos: turn:slightly right
1078832,18755378,1625,,eye aperture:further lowered;eye brows:lowered;head pos: turn:slightly right
1078832,18755378,1626,THAT,eye aperture:further lowered;eye brows:lowered;head pos: turn:slightly right
1078832,18755378,1627,THAT,eye aperture:further lowered;eye brows:lowered
1078832,18755378,1628,THAT,eye aperture:further lowered;eye brows:lowered
1078832,18755378,1629,,eye aperture:further lowered;eye brows:lowered
1078832,18755378,1630,,eye aperture:further lowered;eye brows:lowered
1078832,18755378,1631,,eye aperture:further lowered;eye brows:lowered
1078832,18755378,1632,,eye aperture:further lowered;eye brows:lowered
1078832,18755378,1633,,eye aperture:further lowered;eye brows:lowered
1078832,18755378,1634,ANALYZE_3,eye aperture:further lowered;eye brows:lowered
1078832,18755378,1635,ANALYZE_3,eye aperture:further lowered;eye brows:lowered
1078832,18755378,1636,ANALYZE_3,eye aperture:further lowered;eye brows:lowered
1078832,18755378,1637,ANALYZE_3,eye aperture:further lowered;eye brows:lowered
1078832,18755378,1638,ANALYZE_3,eye aperture:further lowered;eye brows:lowered
1078832,18755378,1639,ANALYZE_3,eye aperture:further lowered;eye brows:lowered
1078832,18755378,1640,ANALYZE_3,eye aperture:further lowered;eye brows:lowered
1078832,18755378,1641,ANALYZE_3,eye aperture:further lowered;eye brows:lowered
1078832,18755378,1642,ANALYZE_3,eye aperture:further lowered;eye brows:lowered
1078832,18755378,1643,ANALYZE_3,eye aperture:further lowered;eye brows:lowered
1078832,18755378,1644,ANALYZE_3,eye aperture:further lowered;eye brows:lowered
1078832,18755378,1645,,eye aperture:further lowered;eye brows:lowered
1078832,18755378,1646,,eye aperture:further lowered;eye brows:lowered
1078832,18755378,1647,,eye aperture:further lowered;eye brows:lowered
1078832,18755378,1648,,eye aperture:further lowered;eye brows:lowered
1078832,18755378,1649,,eye aperture:further lowered;eye brows:lowered
1078832,18755378,1650,,eye aperture:further lowered;eye brows:lowered
1078832,18755378,1651,FROM,eye aperture:further lowered;eye brows:lowered;head pos: turn:slightly left
1078832,18755378,1652,FROM,eye aperture:further lowered;eye brows:lowered;head pos: turn:slightly left
1078832,18755378,1653,FROM,eye aperture:further lowered;eye brows:lowered;head pos: turn:slightly left
1078832,18755378,1654,FROM,eye aperture:further lowered;eye brows:lowered;head pos: turn:slightly left
1078832,18755378,1655,,eye aperture:further lowered;eye brows:lowered;head pos: turn:slightly left
1078832,18755378,1656,,eye aperture:further lowered;eye brows:lowered;head pos: turn:slightly left
1078832,18755378,1657,,eye aperture:further lowered;eye brows:lowered;head pos: turn:slightly left
1078832,18755378,1658,,eye aperture:further lowered;eye brows:lowered;head pos: turn:slightly left
1078832,18755378,1659,(1)GENERATIONS-AGO,eye aperture:further lowered;eye brows:lowered;head pos: turn:slightly left
1078832,18755378,1660,(1)GENERATIONS-AGO,eye aperture:further lowered;eye brows:lowered;head pos: turn:slightly left
1078832,18755378,1661,(1)GENERATIONS-AGO,eye aperture:further lowered;eye brows:lowered;head pos: turn:slightly left
1078832,18755378,1662,(1)GENERATIONS-AGO,eye aperture:further lowered;eye brows:lowered;head pos: turn:slightly left
1078832,18755378,1663,(1)GENERATIONS-AGO,eye aperture:further lowered;eye brows:lowered;head pos: turn:slightly left
1078832,18755378,1664,(1)GENERATIONS-AGO,eye aperture:further lowered;eye brows:lowered;head pos: turn:slightly left
1078832,18755378,1665,(1)GENERATIONS-AGO,eye aperture:further lowered;eye brows:lowered;head pos: turn:slightly left
1078832,18755378,1666,(1)GENERATIONS-AGO,eye aperture:further lowered;eye brows:lowered;head pos: turn:slightly left
1078832,18755378,1667,(1)GENERATIONS-AGO,eye aperture:further lowered;eye brows:lowered;head pos: turn:slightly left
1078832,18755378,1668,(1)GENERATIONS-AGO,eye aperture:further lowered;eye brows:lowered;head pos: turn:slightly left
1078832,18755378,1669,(1)GENERATIONS-AGO,eye aperture:further lowered;eye brows:lowered;head pos: turn:slightly left
1078832,18755378,1670,(1)GENERATIONS-AGO,eye brows:lowered;head pos: turn:slightly left
1078832,18755378,1671,(1)GENERATIONS-AGO,eye brows:lowered;head pos: turn:slightly left
1078832,18755378,1672,(1)GENERATIONS-AGO,eye brows:lowered;head pos: turn:slightly left
1078832,18755378,1673,(1)GENERATIONS-AGO,eye brows:lowered;head pos: turn:slightly left
1078832,18755378,1674,(1)GENERATIONS-AGO,eye brows:lowered;head pos: turn:slightly left
1078832,18755378,1675,(1)GENERATIONS-AGO,eye brows:lowered;head pos: turn:slightly left
1078832,18755378,1676,(1)GENERATIONS-AGO,eye brows:lowered;head pos: turn:slightly left
1078832,18755378,1677,(1)GENERATIONS-AGO,eye aperture:squint;eye brows:lowered;head pos: turn:slightly left
1078832,18755378,1678,,eye aperture:squint;eye brows:lowered;head pos: tilt side:slightly right;head pos: turn:slightly left
1078832,18755378,1679,,eye aperture:squint;eye brows:lowered;head pos: tilt side:slightly right;head pos: turn:slightly left
1078832,18755378,1680,,eye aperture:squint;eye brows:lowered;head pos: tilt side:slightly right;head pos: turn:slightly left
1078832,18755378,1681,,eye aperture:squint;eye brows:lowered;head pos: tilt side:slightly right;head pos: turn:slightly left
1078832,18755378,1682,,eye aperture:squint;eye brows:lowered;head pos: tilt side:slightly right;head pos: turn:slightly left
1078832,18755378,1683,,eye aperture:squint;eye brows:lowered;head pos: tilt side:slightly right;head pos: turn:slightly left
1078832,18755378,1684,,eye aperture:squint;eye brows:lowered;head pos: tilt side:slightly right;head pos: turn:slightly left
1078832,18755378,1685,,eye aperture:squint;eye brows:lowered;head pos: tilt side:slightly right;head pos: turn:slightly left
1078832,18755378,1686,,eye aperture:squint;eye brows:lowered;head pos: tilt side:slightly right;head pos: turn:slightly left
1078832,18755378,1687,,eye aperture:squint;eye brows:lowered;head pos: tilt side:slightly right;head pos: turn:slightly left
1078832,18755378,1688,,eye aperture:squint;eye brows:lowered;head pos: tilt side:slightly right;head pos: turn:slightly left
1078832,18755378,1689,,eye aperture:squint;eye brows:lowered;head pos: tilt side:slightly right
1078832,18755378,1690,,eye aperture:squint;eye brows:lowered;head pos: tilt side:slightly right
1078832,18755378,1691,,eye aperture:squint;eye brows:lowered;head pos: tilt side:slightly right
1078832,18755378,1692,,eye aperture:squint;eye brows:lowered;head pos: tilt side:slightly right
1078832,18755378,1693,,eye aperture:squint;eye brows:lowered;head pos: tilt side:slightly right
1078832,18755378,1694,,eye aperture:squint;eye brows:lowered;head pos: tilt side:slightly right
1078832,18755378,1695,,eye aperture:squint;eye brows:lowered;head pos: tilt side:slightly right
1078832,18755378,1696,,eye aperture:squint;eye brows:lowered;head pos: tilt side:slightly right
1078832,18755378,1697,,eye aperture:squint;eye brows:lowered;head pos: tilt side:slightly right
1078832,18755378,1698,,eye aperture:squint;eye brows:lowered;head pos: tilt side:slightly right
1078832,18755378,1699,,eye aperture:squint;eye brows:lowered;head pos: tilt side:slightly right
1078832,18755378,1700,,eye aperture:squint;eye brows:lowered;head pos: tilt side:slightly right
1078832,18755378,1701,IDEA,eye aperture:squint;eye brows:lowered;head pos: tilt side:slightly right
1078832,18755378,1702,IDEA,eye aperture:squint;eye brows:lowered;head pos: tilt side:slightly right
1078832,18755378,1703,IDEA,eye aperture:squint;eye brows:lowered;head pos: tilt side:slightly right
1078832,18755378,1704,IDEA,eye aperture:squint;eye brows:lowered;head pos: tilt side:slightly right
1078832,18755378,1705,IDEA,eye aperture:squint;eye brows:lowered;head pos: tilt side:slightly right
1078832,18755378,1706,,eye aperture:squint;eye brows:lowered;head pos: tilt side:slightly right
1078832,18755378,1707,,eye aperture:squint;eye brows:lowered;head pos: tilt side:slightly right
1078832,18755378,1708,,eye aperture:squint;eye brows:lowered;head pos: tilt side:slightly right
1078832,18755378,1709,,eye aperture:squint;eye brows:lowered;head pos: tilt side:slightly right
1078832,18755378,1710,,eye aperture:squint;eye brows:lowered;head pos: tilt side:slightly right
1078832,18755378,1711,,eye aperture:squint;eye brows:lowered;head pos: tilt side:slightly right
1078832,18755378,1712,,eye aperture:squint;eye brows:lowered;head pos: tilt side:slightly right
1078832,18755378,1713,,eye aperture:squint;eye brows:lowered;head pos: tilt side:slightly right
1078832,18755378,1714,,eye aperture:squint;eye brows:lowered;head pos: tilt side:slightly right
1078832,18755378,1715,SUGGEST,eye aperture:squint;eye brows:lowered;head pos: tilt side:slightly right
1078832,18755378,1716,SUGGEST,eye aperture:squint;eye brows:lowered;head pos: tilt side:slightly right
1078832,18755378,1717,SUGGEST,eye aperture:squint;eye brows:lowered;head pos: tilt side:slightly right
1078832,18755378,1718,SUGGEST,eye aperture:squint;eye brows:lowered;head pos: tilt side:slightly right
1078832,18755378,1719,SUGGEST,eye aperture:squint;eye brows:lowered;head pos: tilt side:slightly right
1078832,18755378,1720,SUGGEST,eye aperture:squint;eye brows:lowered;head pos: tilt side:slightly right
1078832,18755378,1721,SUGGEST,eye aperture:squint;eye brows:lowered;head pos: tilt side:slightly right
1078832,18755378,1722,SUGGEST,eye aperture:squint;eye brows:lowered;head pos: tilt side:slightly right
1078832,18755378,1723,SUGGEST,eye aperture:squint;eye brows:lowered;head pos: tilt side:slightly right
1078832,18755378,1724,SUGGEST,eye aperture:squint;eye brows:lowered;head pos: tilt side:slightly right
1078832,18755378,1725,SUGGEST,eye aperture:squint;eye brows:lowered;head pos: tilt side:slightly right
1078832,18755378,1726,SUGGEST,eye aperture:squint;eye brows:lowered;head pos: tilt side:slightly right
1078832,18755378,1727,,eye aperture:squint;eye brows:lowered;head pos: tilt side:slightly right
1078832,18755378,1728,,eye aperture:squint;eye brows:lowered;head pos: tilt side:slightly right
1078832,18755378,1729,,eye aperture:squint;eye brows:lowered;head pos: tilt side:slightly right
1078832,18755378,1730,,eye aperture:squint;eye brows:lowered;head pos: tilt side:slightly right
1078832,18755378,1731,,eye aperture:squint;eye brows:lowered;head pos: tilt side:slightly right
1078832,18755378,1732,,eye aperture:squint;eye brows:lowered;head pos: tilt side:slightly right
1078832,18755378,1733,,eye aperture:squint;eye brows:lowered;head pos: tilt side:slightly right
1078832,18755378,1734,,eye aperture:squint;eye brows:lowered;head pos: tilt side:slightly right
1078832,18755378,1735,,eye aperture:squint;eye brows:lowered;head pos: tilt side:slightly right
1078832,18755378,1736,,eye aperture:squint;eye brows:lowered;head pos: tilt side:slightly right
1078832,18755378,1737,,eye aperture:squint;eye brows:lowered;head pos: tilt side:slightly right
1078832,18755378,1738,,eye aperture:squint;eye brows:lowered;head pos: tilt side:slightly right
1078832,18755378,1739,ns-fs-EDWARD,eye aperture:squint;eye brows:lowered;head pos: tilt side:slightly right
1078832,18755378,1740,ns-fs-EDWARD,eye aperture:squint;eye brows:lowered;head pos: tilt side:slightly right
1078832,18755378,1741,ns-fs-EDWARD,eye aperture:squint;eye brows:lowered;head pos: tilt side:slightly right
1078832,18755378,1742,ns-fs-EDWARD,eye aperture:squint;eye brows:lowered;head pos: tilt side:slightly right
1078832,18755378,1743,ns-fs-EDWARD,eye aperture:squint;eye brows:lowered;head pos: tilt side:slightly right
1078832,18755378,1744,ns-fs-EDWARD,eye aperture:squint;eye brows:lowered;head pos: tilt side:slightly right
1078832,18755378,1745,ns-fs-EDWARD,eye aperture:squint;eye brows:lowered;head pos: tilt side:slightly right
1078832,18755378,1746,ns-fs-EDWARD,eye aperture:squint;eye brows:lowered;head pos: tilt side:slightly right
1078832,18755378,1747,ns-fs-EDWARD,eye aperture:squint;eye brows:lowered;head pos: tilt side:slightly right
1078832,18755378,1748,ns-fs-EDWARD,eye aperture:squint;eye brows:lowered;head pos: tilt side:slightly right
1078832,18755378,1749,ns-fs-EDWARD,eye aperture:squint;eye brows:lowered;head pos: tilt side:slightly right
1078832,18755378,1750,ns-fs-EDWARD,eye aperture:squint;eye brows:lowered;head pos: tilt side:slightly right
1078832,18755378,1751,ns-fs-EDWARD,eye aperture:squint;eye brows:lowered;head pos: tilt side:slightly right
1078832,18755378,1752,ns-fs-EDWARD,eye aperture:squint;eye brows:lowered;head pos: tilt side:slightly right
1078832,18755378,1753,ns-fs-EDWARD,eye aperture:squint;eye brows:lowered;head pos: tilt side:slightly right
1078832,18755378,1754,ns-fs-EDWARD,eye aperture:squint;eye brows:lowered;head pos: tilt side:slightly right
1078832,18755378,1755,ns-fs-EDWARD,eye aperture:squint;eye brows:lowered;head pos: tilt side:slightly right
1078832,18755378,1756,ns-fs-EDWARD,eye aperture:squint;eye brows:lowered;head pos: tilt side:slightly right
1078832,18755378,1757,ns-fs-EDWARD,eye aperture:squint;eye brows:lowered;head pos: tilt side:slightly right
1078832,18755378,1758,ns-fs-EDWARD,eye aperture:squint;eye brows:lowered;head pos: tilt side:slightly right
1078832,18755378,1759,ns-fs-EDWARD,eye aperture:squint;eye brows:lowered;head pos: tilt side:slightly right
1078832,18755378,1760,ns-fs-EDWARD,eye aperture:squint;eye brows:lowered;head pos: tilt side:slightly right
1078832,18755378,1761,ns-fs-EDWARD,eye aperture:squint;eye brows:lowered;head pos: tilt side:slightly right
1078832,18755378,1762,ns-fs-EDWARD,eye aperture:squint;eye brows:lowered;head pos: tilt side:slightly right
1078832,18755378,1763,ns-fs-EDWARD,eye aperture:squint;eye brows:lowered;head pos: tilt side:slightly right
1078832,18755378,1764,,eye aperture:squint;eye brows:lowered;head pos: tilt side:slightly right
1078832,18755378,1765,,eye aperture:squint;eye brows:lowered;head pos: tilt side:slightly right
1078832,18755378,1766,,eye aperture:squint;eye brows:lowered;head pos: tilt side:slightly right
1078832,18755378,1767,fs-HALL,eye aperture:squint;eye brows:lowered;head pos: tilt side:slightly right
1078832,18755378,1768,fs-HALL,eye aperture:squint;eye brows:lowered;head pos: tilt side:slightly right
1078832,18755378,1769,fs-HALL,eye aperture:squint;eye brows:lowered;head pos: tilt side:slightly right
1078832,18755378,1770,fs-HALL,eye aperture:squint;eye brows:lowered;head pos: tilt side:slightly right
1078832,18755378,1771,fs-HALL,eye aperture:squint;eye brows:lowered;head pos: tilt side:slightly right
1078832,18755378,1772,fs-HALL,eye aperture:squint;eye brows:lowered;head pos: tilt side:slightly right
1078832,18755378,1773,fs-HALL,eye aperture:squint;eye brows:lowered;head pos: tilt side:slightly right
1078832,18755378,1774,fs-HALL,eye aperture:squint;eye brows:lowered;head pos: tilt side:slightly right
1078832,18755378,1775,fs-HALL,eye aperture:squint;eye brows:lowered;head pos: tilt side:slightly right
1078832,18755378,1776,fs-HALL,eye aperture:squint;eye brows:lowered;head pos: tilt side:slightly right
1078832,18755378,1777,fs-HALL,eye aperture:squint;eye brows:lowered;head pos: tilt side:slightly right
1078832,18755378,1778,fs-HALL,eye aperture:squint;eye brows:lowered;head pos: tilt side:slightly right
1078832,18755378,1779,fs-HALL,eye aperture:squint;eye brows:lowered;head pos: tilt side:slightly right
1078832,18755378,1780,fs-HALL,eye aperture:squint;eye brows:lowered;head pos: tilt side:slightly right
1078832,18755378,1781,fs-HALL,eye aperture:squint;eye brows:lowered;head pos: tilt side:slightly right
1078832,18755378,1782,fs-HALL,eye aperture:squint;eye brows:lowered;head pos: tilt side:slightly right
1078832,18755378,1783,fs-HALL,eye aperture:squint;eye brows:lowered;head pos: tilt side:slightly right
1078832,18755378,1784,,eye aperture:squint;eye brows:lowered;head pos: tilt side:slightly right
1078832,18755378,1785,,eye aperture:squint;eye brows:lowered;head pos: tilt side:slightly right
1078832,18755378,1786,,eye aperture:squint;eye brows:lowered;head pos: tilt side:slightly right
1078832,18755378,1787,,eye aperture:squint;eye brows:lowered;head pos: tilt side:slightly right
1078832,18755378,1788,,eye aperture:squint;eye brows:lowered;head pos: tilt side:slightly right
1078832,18755378,1789,,eye aperture:squint;eye brows:lowered;head pos: tilt side:slightly right
1078832,18755378,1790,,eye aperture:squint;head pos: tilt side:slightly right
1078832,18755378,1791,,eye aperture:squint;head pos: tilt side:slightly right
1078832,18755378,1792,,eye aperture:squint;head pos: tilt side:slightly right
1078832,18755378,1793,,eye aperture:squint;head pos: tilt side:slightly right
1078832,18755378,1794,,eye aperture:squint;head pos: tilt side:slightly right
1078832,18755378,1795,,eye aperture:squint
1078832,18755378,1797,,eye aperture:blink
1078832,18755378,1798,,eye aperture:blink
1078832,18755378,1799,,eye aperture:blink
1078832,18780843,1801,,eye aperture:further lowered;eye brows:lowered;head pos: tilt side:slightly right
1078832,18780843,1802,,eye aperture:further lowered;eye brows:lowered;head pos: tilt side:slightly right
1078832,18780843,1803,,eye aperture:further lowered;eye brows:lowered;head pos: tilt side:slightly right
1078832,18780843,1804,,eye aperture:further lowered;eye brows:lowered;head pos: tilt side:slightly right
1078832,18780843,1805,IN,eye aperture:further lowered;eye brows:lowered;head pos: tilt side:slightly right
1078832,18780843,1806,IN,eye aperture:further lowered;eye brows:lowered;head pos: tilt side:slightly right
1078832,18780843,1807,IN,eye aperture:further lowered;eye brows:lowered;head pos: tilt side:slightly right
1078832,18780843,1808,,eye aperture:further lowered;eye brows:lowered;head pos: tilt side:slightly right
1078832,18780843,1809,,eye aperture:further lowered;eye brows:lowered;head pos: tilt side:slightly right
1078832,18780843,1810,,eye aperture:further lowered;eye brows:lowered;head pos: tilt side:slightly right
1078832,18780843,1811,,eye aperture:further lowered;eye brows:lowered;head pos: tilt side:slightly right
1078832,18780843,1812,NINETEEN,eye aperture:further lowered;eye brows:lowered;head pos: tilt side:slightly right
1078832,18780843,1813,NINETEEN,eye aperture:further lowered;eye brows:lowered;head pos: tilt side:slightly right
1078832,18780843,1814,NINETEEN,eye aperture:further lowered;eye brows:lowered;head pos: tilt side:slightly right
1078832,18780843,1815,NINETEEN,eye aperture:further lowered;eye brows:lowered;head pos: tilt side:slightly right
1078832,18780843,1816,NINETEEN,eye aperture:further lowered;eye brows:lowered;head pos: tilt side:slightly right
1078832,18780843,1817,NINETEEN,eye aperture:further lowered;eye brows:lowered;head pos: tilt side:slightly right
1078832,18780843,1818,NINETEEN,eye aperture:further lowered;eye brows:lowered;head pos: tilt side:slightly right
1078832,18780843,1819,,eye aperture:further lowered;eye brows:lowered;head pos: tilt side:slightly right
1078832,18780843,1820,,eye aperture:further lowered;eye brows:lowered;head pos: tilt side:slightly right
1078832,18780843,1821,,eye aperture:further lowered;eye brows:lowered;head pos: tilt side:slightly right
1078832,18780843,1822,,eye aperture:further lowered;eye brows:lowered;head pos: tilt side:slightly right
1078832,18780843,1823,,eye aperture:further lowered;eye brows:lowered;head pos: tilt side:slightly right
1078832,18780843,1824,EIGHTY-TWO,eye aperture:further lowered;eye brows:lowered;head pos: tilt side:slightly right
1078832,18780843,1825,EIGHTY-TWO,eye aperture:further lowered;eye brows:lowered;head pos: tilt side:slightly right
1078832,18780843,1826,EIGHTY-TWO,eye aperture:further lowered;eye brows:lowered;head pos: tilt side:slightly right
1078832,18780843,1827,EIGHTY-TWO,eye aperture:further lowered;eye brows:lowered;head pos: tilt side:slightly right
1078832,18780843,1828,EIGHTY-TWO,eye aperture:further lowered;eye brows:lowered;head pos: tilt side:slightly right
1078832,18780843,1829,EIGHTY-TWO,eye aperture:further lowered;eye brows:lowered;head pos: tilt side:slightly right
1078832,18780843,1830,EIGHTY-TWO,eye aperture:further lowered;eye brows:lowered;head pos: tilt side:slightly right
1078832,18780843,1831,EIGHTY-TWO,eye aperture:further lowered;eye brows:lowered;head pos: tilt side:slightly right
1078832,18780843,1832,EIGHTY-TWO,eye aperture:further lowered;eye brows:lowered;head pos: tilt side:slightly right
1078832,18780843,1833,EIGHTY-TWO,eye aperture:further lowered;eye brows:lowered;head pos: tilt side:slightly right
1078832,18780843,1834,EIGHTY-TWO,eye aperture:further lowered;eye brows:lowered;head pos: tilt side:slightly right
1078832,18780843,1835,,eye aperture:further lowered;eye brows:lowered;head pos: tilt side:slightly right
1078832,18780843,1836,,eye aperture:further lowered;eye brows:lowered;head pos: tilt side:slightly right
1078832,18780843,1837,,eye aperture:further lowered;eye brows:lowered;head pos: tilt side:slightly right
1078832,18780843,1838,,eye aperture:further lowered;eye brows:lowered;head pos: tilt side:slightly right
1078832,18780843,1839,,eye aperture:further lowered;eye brows:lowered;head pos: tilt side:slightly right
1078832,18780843,1840,IX-3p:i,eye aperture:further lowered;eye aperture:lowered lid;eye brows:lowered;head pos: tilt side:slightly right
1078832,18780843,1841,,eye aperture:lowered lid;eye brows:lowered;head pos: tilt side:slightly right
1078832,18780843,1842,,eye aperture:lowered lid;eye brows:lowered;head pos: tilt side:slightly right
1078832,18780843,1843,,eye aperture:lowered lid;eye brows:lowered;head pos: tilt side:slightly right
1078832,18780843,1844,,eye aperture:lowered lid;eye brows:lowered;head pos: tilt side:slightly right
1078832,18780843,1845,,eye aperture:lowered lid;eye brows:lowered;head pos: tilt side:slightly right
1078832,18780843,1846,,eye aperture:lowered lid;eye brows:lowered;head pos: tilt side:slightly right
1078832,18780843,1847,,eye aperture:lowered lid;eye brows:lowered;head pos: tilt side:slightly right
1078832,18780843,1848,,eye aperture:lowered lid;eye brows:lowered;head pos: tilt side:slightly right
1078832,18780843,1849,WRITE,eye aperture:lowered lid;eye brows:lowered;head pos: tilt side:slightly right
1078832,18780843,1850,WRITE,eye aperture:lowered lid;eye brows:lowered;head pos: tilt side:slightly right
1078832,18780843,1851,WRITE,eye aperture:lowered lid;eye brows:lowered;head pos: tilt side:slightly right
1078832,18780843,1852,WRITE,eye aperture:lowered lid;eye brows:lowered;head pos: tilt side:slightly right
1078832,18780843,1853,WRITE,eye aperture:lowered lid;eye brows:lowered;head pos: tilt side:slightly right
1078832,18780843,1854,WRITE,eye aperture:lowered lid;eye brows:lowered;head pos: tilt side:slightly right
1078832,18780843,1855,WRITE,eye aperture:lowered lid;eye brows:lowered;head pos: tilt side:slightly right
1078832,18780843,1856,WRITE,eye aperture:lowered lid;eye brows:lowered;head pos: tilt side:slightly right
1078832,18780843,1857,WRITE,eye aperture:lowered lid;eye brows:lowered;head pos: tilt side:slightly right
1078832,18780843,1858,,eye aperture:lowered lid;eye brows:lowered;head pos: tilt side:slightly right
1078832,18780843,1859,,eye aperture:lowered lid;eye brows:lowered;head pos: tilt side:slightly right
1078832,18780843,1860,,eye aperture:lowered lid;eye brows:lowered;head pos: tilt side:slightly right
1078832,18780843,1861,,eye aperture:lowered lid;eye brows:lowered;head pos: tilt side:slightly right
1078832,18780843,1862,,eye aperture:lowered lid;eye brows:lowered;head pos: tilt side:slightly right
1078832,18780843,1863,,eye aperture:lowered lid;eye brows:lowered;head pos: tilt side:slightly right
1078832,18780843,1864,,eye aperture:lowered lid;eye brows:lowered;head pos: tilt side:slightly right
1078832,18780843,1865,QUOTE/TOPIC,eye aperture:lowered lid;eye brows:lowered;head pos: tilt side:slightly right
1078832,18780843,1866,QUOTE/TOPIC,eye aperture:lowered lid;eye brows:lowered;head pos: tilt side:slightly right
1078832,18780843,1867,QUOTE/TOPIC,eye aperture:lowered lid;eye brows:lowered;head pos: tilt side:slightly right
1078832,18780843,1868,QUOTE/TOPIC,eye aperture:lowered lid;eye brows:lowered;head pos: tilt side:slightly right
1078832,18780843,1869,QUOTE/TOPIC,eye aperture:lowered lid;eye brows:lowered;head pos: tilt side:slightly right
1078832,18780843,1870,QUOTE/TOPIC,eye aperture:lowered lid;eye brows:lowered;head pos: tilt side:slightly right
1078832,18780843,1871,QUOTE/TOPIC,eye aperture:lowered lid;eye brows:lowered;head pos: tilt side:slightly right
1078832,18780843,1872,,eye aperture:lowered lid;eye brows:lowered;head pos: tilt side:slightly right
1078832,18780843,1873,,eye aperture:lowered lid;eye brows:lowered;head pos: tilt side:slightly right
1078832,18780843,1874,,eye aperture:lowered lid;eye brows:lowered;head pos: tilt side:slightly right
1078832,18780843,1875,,eye aperture:lowered lid;eye brows:lowered;head pos: tilt side:slightly right
1078832,18780843,1876,,eye aperture:lowered lid;eye brows:lowered;head pos: tilt side:slightly right
1078832,18780843,1877,,eye aperture:lowered lid;eye brows:lowered;head pos: tilt side:slightly right
1078832,18780843,1878,,eye aperture:lowered lid;eye brows:lowered;head pos: tilt side:slightly right
1078832,18780843,1879,,eye aperture:lowered lid;eye brows:lowered;head pos: tilt side:slightly right
1078832,18780843,1880,,eye aperture:lowered lid;eye brows:lowered;head pos: tilt side:slightly right
1078832,18780843,1881,,eye aperture:lowered lid;eye brows:lowered;head pos: tilt side:slightly right
1078832,18780843,1882,,eye aperture:lowered lid;eye brows:lowered;head pos: tilt side:slightly right
1078832,18780843,1883,,eye aperture:lowered lid;eye brows:lowered;head pos: tilt side:slightly right
1078832,18780843,1884,,eye aperture:lowered lid;eye brows:lowered;head pos: tilt side:slightly right
1078832,18780843,1885,,eye aperture:lowered lid;eye brows:lowered;head pos: tilt side:slightly right
1078832,18780843,1886,,eye aperture:lowered lid;eye brows:lowered;head pos: tilt side:slightly right
1078832,18780843,1887,,eye aperture:lowered lid;eye brows:lowered;head pos: tilt side:slightly right
1078832,18780843,1888,,eye aperture:lowered lid;eye brows:lowered;head pos: tilt side:slightly right
1078832,18780843,1889,,eye aperture:lowered lid;eye brows:lowered;head pos: tilt side:slightly right
1078832,18780843,1890,,eye aperture:lowered lid;eye brows:lowered;head pos: tilt side:slightly right
1078832,18780843,1891,,eye aperture:lowered lid;eye brows:lowered;head pos: tilt side:slightly right
1078832,18780843,1892,,eye aperture:lowered lid;eye brows:lowered;head pos: tilt side:slightly right
1078832,18849720,1896,,eye aperture:squint
1078832,18849720,1897,,eye aperture:squint;eye brows:lowered;head pos: tilt side:slightly right
1078832,18849720,1898,,eye aperture:squint;eye brows:lowered;head pos: tilt side:slightly right
1078832,18849720,1899,,eye aperture:squint;eye brows:lowered;head pos: tilt side:slightly right
1078832,18849720,1900,,eye aperture:squint;eye brows:lowered;head pos: tilt side:slightly right
1078832,18849720,1901,,eye aperture:squint;eye brows:lowered;head pos: tilt side:slightly right
1078832,18849720,1902,,eye aperture:squint;eye brows:lowered;head pos: tilt side:slightly right
1078832,18849720,1903,,eye aperture:squint;eye brows:lowered;head pos: tilt side:slightly right
1078832,18849720,1904,,eye aperture:squint;eye brows:lowered;head pos: tilt side:slightly right
1078832,18849720,1905,,eye aperture:squint;eye brows:lowered;head pos: tilt side:slightly right
1078832,18849720,1906,PEOPLE,eye aperture:squint;eye brows:lowered;head pos: tilt side:slightly right
1078832,18849720,1907,PEOPLE,eye aperture:squint;eye brows:lowered;head pos: tilt side:slightly right
1078832,18849720,1908,PEOPLE,eye aperture:squint;eye brows:lowered;head pos: tilt side:slightly right
1078832,18849720,1909,PEOPLE,eye aperture:squint;eye brows:lowered;head pos: tilt side:slightly right
1078832,18849720,1910,PEOPLE,eye aperture:squint;eye brows:lowered;head pos: tilt side:slightly right
1078832,18849720,1911,PEOPLE,eye aperture:squint;eye brows:lowered;head pos: tilt side:slightly right
1078832,18849720,1912,PEOPLE,eye aperture:squint;eye brows:lowered;head pos: tilt side:slightly right
1078832,18849720,1913,PEOPLE,eye aperture:squint;eye brows:lowered;head pos: tilt side:slightly right
1078832,18849720,1914,PEOPLE,eye aperture:squint;eye brows:lowered;head pos: tilt side:slightly right
1078832,18849720,1915,PEOPLE,eye aperture:squint;eye brows:lowered;head pos: tilt side:slightly right;head pos: turn:slightly right
1078832,18849720,1916,PEOPLE,eye aperture:squint;eye brows:lowered;head pos: tilt side:slightly right;head pos: turn:slightly right
1078832,18849720,1917,,eye aperture:squint;eye brows:lowered;head pos: tilt side:slightly right;head pos: turn:slightly right
1078832,18849720,1918,,eye aperture:squint;eye brows:lowered;head pos: tilt side:slightly right;head pos: turn:slightly right
1078832,18849720,1919,,eye aperture:squint;eye brows:lowered;head pos: tilt side:slightly right;head pos: turn:slightly right
1078832,18849720,1920,,eye aperture:squint;eye brows:lowered;head pos: tilt side:slightly right;head pos: turn:slightly right
1078832,18849720,1921,DIFFERENT-arc,eye aperture:squint;eye brows:lowered;head pos: tilt side:slightly right;head pos: turn:slightly right
1078832,18849720,1922,DIFFERENT-arc,eye aperture:squint;eye brows:lowered;head pos: tilt side:slightly right;head pos: turn:slightly right
1078832,18849720,1923,DIFFERENT-arc,eye aperture:squint;eye brows:lowered;head pos: tilt side:slightly right;head pos: turn:slightly right
1078832,18849720,1924,DIFFERENT-arc,eye aperture:squint;eye brows:lowered;head pos: tilt side:slightly right;head pos: turn:slightly right
1078832,18849720,1925,DIFFERENT-arc,eye aperture:squint;eye brows:lowered;head pos: tilt side:slightly right
1078832,18849720,1926,DIFFERENT-arc,eye aperture:squint;eye brows:lowered;head pos: tilt side:slightly right
1078832,18849720,1927,DIFFERENT-arc,eye aperture:squint;eye brows:lowered;head pos: tilt side:slightly right
1078832,18849720,1928,DIFFERENT-arc,eye aperture:squint;eye brows:lowered;head pos: tilt side:slightly right;head pos: turn:further left
1078832,18849720,1929,DIFFERENT-arc,eye aperture:squint;eye brows:lowered;head pos: tilt side:slightly right;head pos: turn:further left
1078832,18849720,1930,DIFFERENT-arc,eye aperture:squint;eye brows:lowered;head pos: tilt side:slightly right;head pos: turn:further left
1078832,18849720,1931,DIFFERENT-arc,eye aperture:squint;eye brows:lowered;head pos: tilt side:slightly right;head pos: turn:further left
1078832,18849720,1932,DIFFERENT-arc,eye aperture:squint;eye brows:lowered;head pos: tilt side:slightly right;head pos: turn:further left
1078832,18849720,1933,DIFFERENT-arc,eye aperture:squint;eye brows:lowered;head pos: tilt side:slightly right;head pos: turn:further left
1078832,18849720,1934,,eye aperture:squint;eye brows:lowered;head pos: tilt side:slightly right;head pos: turn:further left
1078832,18849720,1935,,eye aperture:squint;eye brows:lowered;head pos: turn:further left
1078832,18849720,1936,CULTURE,eye aperture:squint;eye brows:lowered
1078832,18849720,1937,CULTURE,eye aperture:squint;eye brows:lowered
1078832,18849720,1938,CULTURE,eye aperture:squint;eye brows:lowered
1078832,18849720,1939,CULTURE,eye aperture:squint;eye brows:lowered
1078832,18849720,1940,CULTURE,eye aperture:squint;eye brows:lowered
1078832,18849720,1941,CULTURE,eye aperture:squint;eye brows:lowered
1078832,18849720,1942,CULTURE,eye aperture:squint;eye brows:lowered
1078832,18849720,1943,CULTURE,eye aperture:squint;eye brows:lowered
1078832,18849720,1944,,eye aperture:squint;eye brows:lowered
1078832,18849720,1945,,eye aperture:squint;eye brows:lowered
1078832,18849720,1946,,eye aperture:squint;eye brows:lowered
1078832,18849720,1947,NOT,eye aperture:squint;eye brows:lowered;negative:negation
1078832,18849720,1948,NOT,eye aperture:squint;eye brows:lowered;negative:negation
1078832,18849720,1949,NOT,eye aperture:squint;eye brows:lowered;negative:negation
1078832,18849720,1950,NOT,eye aperture:squint;eye brows:lowered;head pos: turn:right;negative:negation
1078832,18849720,1951,,eye aperture:squint;eye brows:lowered;head pos: turn:right;negative:negation
1078832,18849720,1952,,eye aperture:squint;eye brows:lowered;head pos: turn:right;negative:negation
1078832,18849720,1953,,eye aperture:squint;eye brows:lowered;head pos: turn:right;negative:negation
1078832,18849720,1954,ONLY,eye aperture:squint;eye brows:lowered;negative:negation
1078832,18849720,1955,ONLY,eye aperture:squint;eye brows:lowered;negative:negation
1078832,18849720,1956,ONLY,eye aperture:squint;eye brows:lowered;negative:negation
1078832,18849720,1957,ONLY,eye aperture:squint;eye brows:lowered;negative:negation
1078832,18849720,1958,,eye aperture:squint;eye brows:lowered;negative:negation
1078832,18849720,1959,,eye aperture:squint;eye brows:lowered;negative:negation
1078832,18849720,1960,,eye aperture:squint;eye brows:lowered;negative:negation
1078832,18849720,1961,,eye aperture:squint;eye brows:lowered;negative:negation
1078832,18849720,1962,,eye aperture:squint;eye brows:lowered;negative:negation
1078832,18849720,1963,TALKwg,eye aperture:squint;eye brows:lowered;negative:negation
1078832,18849720,1964,TALKwg,eye aperture:squint;eye brows:lowered;negative:negation
1078832,18849720,1965,TALKwg,eye aperture:squint;eye brows:lowered;head pos: turn:left;negative:negation
1078832,18849720,1966,TALKwg,eye aperture:squint;eye brows:lowered;head pos: turn:left;negative:negation
1078832,18849720,1967,TALKwg,eye aperture:squint;eye brows:lowered;head pos: turn:left;negative:negation
1078832,18849720,1968,TALKwg,eye aperture:squint;eye brows:lowered;head pos: turn:left;negative:negation
1078832,18849720,1969,,eye aperture:squint;eye brows:lowered;head mvmt: shake:slow;head pos: turn:left;negative:negation
1078832,18849720,1970,,eye aperture:squint;eye brows:lowered;head mvmt: shake:slow;negative:negation
1078832,18849720,1971,,eye aperture:squint;eye brows:lowered;head mvmt: shake:slow;negative:negation
1078832,18849720,1972,,eye aperture:squint;eye brows:lowered;head mvmt: shake:slow;negative:negation
1078832,18849720,1973,,eye aperture:squint;eye brows:lowered;head mvmt: shake:slow;negative:negation
1078832,18849720,1974,DIFFERENT,eye aperture:squint;eye brows:lowered;head mvmt: shake:slow;negative:negation
1078832,18849720,1975,DIFFERENT,eye aperture:squint;eye brows:lowered;head mvmt: shake:slow;negative:negation
1078832,18849720,1976,DIFFERENT,eye aperture:squint;eye brows:lowered;head mvmt: shake:slow;negative:negation
1078832,18849720,1977,DIFFERENT,eye aperture:squint;eye brows:lowered;head mvmt: shake:slow;negative:negation
1078832,18849720,1978,DIFFERENT,eye aperture:squint;eye brows:lowered;head mvmt: shake:slow;negative:negation
1078832,18849720,1979,,eye aperture:squint;eye brows:lowered;head mvmt: shake:slow;negative:negation
1078832,18849720,1980,,eye aperture:squint;eye brows:lowered;head mvmt: shake:slow;negative:negation
1078832,18849720,1981,,eye aperture:squint;eye brows:lowered;head mvmt: shake:slow;negative:negation
1078832,18849720,1982,,eye aperture:squint;eye brows:lowered;head mvmt: shake:slow;negative:negation
1078832,18849720,1983,LANGUAGE,eye aperture:squint;eye brows:lowered;head mvmt: shake:slow;negative:negation
1078832,18849720,1984,LANGUAGE,eye aperture:squint;eye brows:lowered;head mvmt: shake:slow;negative:negation
1078832,18849720,1985,LANGUAGE,eye aperture:squint;eye brows:lowered;head mvmt: jut:forward;head mvmt: shake:slow;negative:negation
1078832,18849720,1986,LANGUAGE,eye aperture:squint;eye brows:lowered;head mvmt: jut:forward;head mvmt: shake:slow;negative:negation
1078832,18849720,1987,LANGUAGE,eye aperture:squint;eye brows:lowered;head mvmt: jut:forward;head mvmt: shake:slow;negative:negation
1078832,18849720,1988,LANGUAGE,eye aperture:squint;eye brows:lowered;head mvmt: jut:forward;head mvmt: shake:slow;negative:negation
1078832,18849720,1989,LANGUAGE,eye aperture:squint;eye brows:lowered;head mvmt: jut:forward;head mvmt: shake:slow;negative:negation
1078832,18849720,1990,LANGUAGE,eye aperture:squint;eye brows:lowered;head mvmt: jut:forward;head mvmt: shake:slow;negative:negation
1078832,18849720,1991,LANGUAGE,eye aperture:squint;eye brows:lowered;head mvmt: jut:forward;head mvmt: shake:slow;negative:negation
1078832,18849720,1992,,eye aperture:squint;eye brows:lowered;head mvmt: jut:forward
1078832,18849720,1993,,eye aperture:squint;eye brows:lowered;head mvmt: jut:forward
1078832,18849720,1994,,eye aperture:squint;eye brows:lowered;head mvmt: jut:forward
1078832,18849720,1995,,eye aperture:squint;eye brows:lowered;head mvmt: jut:forward
1078832,18849720,1996,,eye brows:lowered;head mvmt: jut:forward
1078832,18858050,2001,,eye brows:lowered;head mvmt: jut:forward
1078832,18858050,2002,,eye aperture:squint;eye brows:lowered;head mvmt: jut:forward
1078832,18858050,2003,,eye aperture:squint;eye brows:lowered;head mvmt: jut:forward
1078832,18858050,2004,,eye aperture:squint;eye brows:lowered;head mvmt: jut:forward
1078832,18858050,2005,BUT,eye aperture:squint;eye brows:lowered;head mvmt: jut:forward
1078832,18858050,2006,BUT,eye aperture:squint;eye brows:lowered;head mvmt: jut:forward
1078832,18858050,2007,BUT,eye aperture:squint;eye brows:lowered;head mvmt: jut:forward
1078832,18858050,2008,BUT,eye aperture:squint;eye brows:lowered;head mvmt: jut:forward
1078832,18858050,2009,BUT,eye aperture:squint;eye brows:lowered;head mvmt: jut:forward
1078832,18858050,2010,BUT,eye aperture:squint;eye brows:lowered;head mvmt: jut:forward
1078832,18858050,2011,,eye aperture:squint;eye brows:lowered;head mvmt: jut:forward
1078832,18858050,2012,,eye aperture:squint;eye brows:lowered;head mvmt: jut:forward
1078832,18858050,2013,,eye aperture:squint;eye brows:lowered;head mvmt: jut:forward
1078832,18858050,2014,,eye aperture:squint;eye brows:lowered;head mvmt: jut:forward
1078832,18858050,2015,,eye aperture:squint;eye brows:lowered;head mvmt: jut:forward
1078832,18858050,2016,,eye aperture:squint;eye brows:lowered;head mvmt: jut:forward
1078832,18858050,2017,,eye aperture:squint;eye brows:lowered;head mvmt: jut:forward
1078832,18858050,2018,,eye aperture:squint;eye brows:lowered
1078832,18858050,2019,,eye aperture:squint;eye brows:lowered
1078832,18858050,2020,,eye aperture:squint;eye brows:lowered
1078832,18858050,2021,,eye aperture:squint;eye brows:lowered
1078832,18858050,2022,,eye aperture:squint;eye brows:lowered
1078832,18858050,2023,,eye aperture:squint;eye brows:lowered
1078832,18858050,2024,,eye aperture:squint;eye brows:lowered
1078832,18858050,2025,MAYBE,eye aperture:squint;eye brows:lowered
1078832,18858050,2026,MAYBE,eye aperture:squint;eye brows:lowered
1078832,18858050,2027,MAYBE,eye aperture:squint;eye brows:lowered
1078832,18858050,2028,MAYBE,eye aperture:squint;eye brows:lowered
1078832,18858050,2029,MAYBE,eye brows:lowered
1078832,18858050,2030,MAYBE,eye brows:lowered
1078832,18858050,2031,MAYBE,eye brows:lowered
1078832,18858050,2032,,eye brows:lowered
1078832,18858050,2033,,eye brows:lowered
1078832,18858050,2034,,eye aperture:slightly wide;eye brows:lowered
1078832,18858050,2035,MORE,eye aperture:slightly wide;eye brows:lowered
1078832,18858050,2036,MORE,eye aperture:slightly wide;eye brows:lowered
1078832,18858050,2037,MORE,eye aperture:slightly wide;eye brows:lowered
1078832,18858050,2038,,eye aperture:slightly wide;eye brows:lowered
1078832,18858050,2039,,eye aperture:slightly wide;eye brows:lowered
1078832,18858050,2040,,eye aperture:slightly wide;eye brows:lowered;head pos: turn:slightly right
1078832,18858050,2041,,eye aperture:slightly wide;eye brows:lowered;head pos: turn:slightly right
1078832,18858050,2042,IMPORTANT,eye aperture:slightly wide;eye brows:lowered;head pos: turn:slightly right
1078832,18858050,2043,IMPORTANT,eye aperture:slightly wide;eye brows:lowered
1078832,18858050,2044,IMPORTANT,eye aperture:slightly wide;eye brows:lowered
1078832,18858050,2045,IMPORTANT,eye aperture:slightly wide;eye brows:lowered
1078832,18858050,2046,IMPORTANT,eye aperture:slightly wide;eye brows:lowered
1078832,18858050,2047,IMPORTANT,eye aperture:slightly wide;eye brows:lowered
1078832,18858050,2048,IMPORTANT,eye aperture:slightly wide;eye brows:lowered
1078832,18858050,2049,IMPORTANT,eye aperture:slightly wide;eye brows:lowered
1078832,18858050,2050,IMPORTANT,eye aperture:slightly wide;eye brows:lowered
1078832,18858050,2051,IMPORTANT,eye aperture:slightly wide;eye brows:lowered
1078832,18858050,2052,,eye aperture:slightly wide;eye brows:lowered
1078832,18858050,2053,,eye aperture:slightly wide;eye brows:lowered
1078832,18858050,2054,,eye aperture:slightly wide
1078832,18858050,2055,,eye aperture:slightly wide
1078832,18858050,2056,,eye aperture:slightly wide
1078832,18858050,2057,,eye aperture:slightly wide
1078832,18858050,2058,5emphasis,eye aperture:slightly wide
1078832,18858050,2059,5emphasis,eye aperture:slightly wide
1078832,18858050,2060,5emphasis,eye aperture:slightly wide
1078832,18858050,2061,,eye aperture:slightly wide
1078832,18858050,2062,,eye aperture:slightly wide
1078832,18858050,2063,,eye aperture:slightly wide
1078832,18858050,2064,,eye aperture:slightly wide
1078832,18858050,2065,,eye aperture:slightly wide;eye brows:further lowered
1078832,18858050,2066,,eye brows:further lowered
1078832,18858050,2067,,eye brows:further lowered
1078832,18858050,2068,LIVE,eye brows:further lowered
1078832,18858050,2069,LIVE,eye brows:further lowered
1078832,18858050,2070,LIVE,eye brows:further lowered
1078832,18858050,2071,LIVE,eye brows:further lowered
1078832,18858050,2072,,eye brows:further lowered
1078832,18858050,2073,,eye brows:further lowered
1078832,18858050,2074,,eye brows:further lowered
1078832,18858050,2075,,eye brows:further lowered
1078832,18858050,2076,,eye brows:further lowered;head pos: tilt side:slightly left
1078832,18858050,2077,,eye aperture:further squinted;eye brows:further lowered;head pos: tilt side:slightly left
1078832,18858050,2078,,eye aperture:further squinted;eye brows:further lowered;head pos: tilt side:slightly left
1078832,18858050,2079,IN,eye aperture:further squinted;eye brows:further lowered;head pos: tilt side:slightly left
1078832,18858050,2080,IN,eye aperture:further squinted;eye brows:further lowered;head mvmt: jut:forward;head pos: tilt side:slightly left
1078832,18858050,2081,IN,eye aperture:further squinted;eye brows:further lowered;head mvmt: jut:forward;head pos: tilt side:slightly left
1078832,18858050,2082,IN,eye aperture:further squinted;eye brows:further lowered;head mvmt: jut:forward;head pos: tilt side:slightly left
1078832,18858050,2083,IN,eye aperture:further squinted;eye brows:further lowered;head mvmt: jut:forward;head pos: tilt side:slightly left
1078832,18858050,2084,IN,eye aperture:further squinted;eye brows:further lowered;head mvmt: jut:forward;head pos: tilt side:slightly left
1078832,18858050,2085,IN,eye aperture:further squinted;eye brows:further lowered;head mvmt: jut:forward;head pos: tilt side:slightly left
1078832,18858050,2086,IN,eye aperture:further squinted;eye brows:further lowered;head mvmt: jut:forward;head pos: tilt side:slightly left
1078832,18858050,2087,IN,eye aperture:further squinted;eye brows:further lowered;head mvmt: jut:forward;head pos: tilt side:slightly left
1078832,18858050,2088,IN,eye aperture:further squinted;eye brows:further lowered;head mvmt: jut:forward;head pos: tilt side:slightly left
1078832,18858050,2089,IN,eye aperture:further squinted;eye brows:further lowered;head mvmt: jut:forward;head pos: tilt side:slightly left
1078832,18858050,2090,IN,eye aperture:further squinted;eye brows:further lowered;head mvmt: jut:forward;head pos: tilt side:slightly left
1078832,18858050,2091,IN,eye aperture:further squinted;eye brows:further lowered;head mvmt: jut:forward;head pos: tilt side:slightly left
1078832,18858050,2092,IN,eye aperture:further squinted;eye brows:further lowered;head mvmt: jut:forward;head pos: tilt side:slightly left
1078832,18858050,2093,,eye aperture:further squinted;eye brows:further lowered;head mvmt: jut:forward;head pos: tilt side:slightly left
1078832,18858050,2094,,eye aperture:further squinted;eye brows:further lowered;head mvmt: jut:forward;head pos: tilt side:slightly left
1078832,18858050,2095,,eye aperture:further squinted;eye brows:further lowered;head mvmt: jut:forward;head pos: tilt side:slightly left
1078832,18858050,2096,,eye aperture:further squinted;eye brows:further lowered;head mvmt: jut:forward;head pos: tilt side:slightly left
1078832,18858050,2097,,eye aperture:further squinted;eye brows:further lowered;head mvmt: jut:forward;head pos: tilt side:slightly left
1078832,18858050,2098,,eye aperture:further squinted;eye brows:further lowered;head mvmt: jut:forward;head pos: tilt side:slightly left
1078832,18858050,2099,,eye aperture:further squinted;eye brows:further lowered;head mvmt: jut:forward;head pos: tilt side:slightly left
1078832,18858050,2100,,eye aperture:further squinted;eye brows:further lowered;head mvmt: jut:forward;head pos: tilt side:slightly left
1078832,18858050,2101,,eye aperture:further squinted;eye brows:further lowered;head mvmt: jut:forward;head pos: tilt side:slightly left
1078832,18858050,2102,,eye aperture:further squinted;eye brows:further lowered;head mvmt: jut:forward;head pos: tilt side:slightly left
1078832,18858050,2103,,eye aperture:further squinted;eye brows:further lowered;head mvmt: jut:forward;head pos: tilt side:slightly left
1078832,18858050,2104,,eye aperture:further squinted;eye brows:further lowered;head mvmt: jut:forward;head pos: tilt side:slightly left
1078832,18858050,2105,,eye aperture:further squinted;eye brows:further lowered;head mvmt: jut:forward;head pos: tilt side:slightly left
1078832,18858050,2106,,eye aperture:further squinted;eye brows:further lowered;head mvmt: jut:forward;head pos: tilt side:slightly left
1078832,18858050,2107,,eye aperture:further squinted;eye brows:further lowered;head mvmt: jut:forward;head pos: tilt side:slightly left
1078832,18858050,2108,,eye aperture:further squinted;eye brows:further lowered;head mvmt: jut:forward;head pos: tilt side:slightly left
1078832,18858050,2109,,eye aperture:further squinted;eye brows:further lowered;head mvmt: jut:forward
1078832,18858050,2110,,eye aperture:further squinted;eye brows:further lowered;head mvmt: jut:forward
1078832,18858050,2111,,eye aperture:further squinted;eye brows:further lowered;head mvmt: jut:forward
1078832,18858050,2112,,eye aperture:further squinted;eye brows:further lowered;head mvmt: jut:forward
1078832,18858050,2113,,eye aperture:further squinted;eye brows:further lowered
1078832,18858050,2114,,eye aperture:further squinted;eye brows:further lowered
1078832,18858050,2115,,eye aperture:further squinted;eye brows:further lowered
1078832,18858050,2116,,eye aperture:further squinted;eye brows:further lowered
1078832,18858050,2117,,eye aperture:further squinted;eye brows:further lowered
1078832,18858050,2118,,eye aperture:further squinted;eye brows:further lowered
1078832,18858050,2119,,eye aperture:further squinted;eye brows:further lowered
1078832,18858050,2120,DIFFERENT,eye aperture:further squinted;eye brows:further lowered
1078832,18858050,2121,DIFFERENT,eye aperture:further squinted;eye brows:further lowered;head mvmt: jut:forward
1078832,18858050,2122,DIFFERENT,eye aperture:further squinted;eye brows:further lowered;head mvmt: jut:forward
1078832,18858050,2123,DIFFERENT,eye aperture:further squinted;eye brows:further lowered;head mvmt: jut:forward
1078832,18858050,2124,DIFFERENT,eye aperture:further squinted;eye brows:further lowered;head mvmt: jut:forward
1078832,18858050,2125,DIFFERENT,eye aperture:further squinted;eye brows:further lowered;head mvmt: jut:forward
1078832,18858050,2126,,eye aperture:further squinted;eye brows:further lowered;head mvmt: jut:forward
1078832,18858050,2127,,eye aperture:further squinted;eye brows:further lowered;head mvmt: jut:forward
1078832,18858050,2128,,eye aperture:further squinted;eye brows:further lowered;head mvmt: jut:forward
1078832,18858050,2129,,eye aperture:further squinted;eye brows:further lowered;head mvmt: jut:forward
1078832,18858050,2130,,eye aperture:further squinted;eye brows:further lowered
1078832,18858050,2131,,eye aperture:further squinted;eye brows:further lowered
1078832,18858050,2132,,eye aperture:further squinted;eye brows:further lowered
1078832,18858050,2133,,eye aperture:further squinted;eye brows:further lowered
1078832,18858050,2134,fs-SENSORY,eye aperture:further squinted;eye brows:further lowered
1078832,18858050,2135,fs-SENSORY,eye aperture:further squinted;eye brows:further lowered
1078832,18858050,2136,fs-SENSORY,eye aperture:further squinted;eye brows:further lowered
1078832,18858050,2137,fs-SENSORY,eye aperture:further squinted;eye brows:further lowered
1078832,18858050,2138,fs-SENSORY,eye aperture:further squinted;eye brows:further lowered
1078832,18858050,2139,fs-SENSORY,eye aperture:further squinted;eye brows:further lowered
1078832,18858050,2140,fs-SENSORY,eye aperture:further squinted;eye brows:further lowered
1078832,18858050,2141,fs-SENSORY,eye aperture:further squinted;eye brows:further lowered
1078832,18858050,2142,fs-SENSORY,eye aperture:further squinted;eye brows:further lowered
1078832,18858050,2143,fs-SENSORY,eye aperture:further squinted;eye brows:further lowered
1078832,18858050,2144,fs-SENSORY,eye aperture:further squinted;eye brows:further lowered
1078832,18858050,2145,fs-SENSORY,eye aperture:further squinted;eye brows:further lowered
1078832,18858050,2146,fs-SENSORY,eye aperture:further squinted;eye brows:further lowered
1078832,18858050,2147,fs-SENSORY,eye aperture:further squinted;eye brows:further lowered
1078832,18858050,2148,fs-SENSORY,eye aperture:further squinted;eye brows:further lowered
1078832,18858050,2149,fs-SENSORY,eye aperture:further squinted;eye brows:further lowered
1078832,18858050,2150,fs-SENSORY,eye aperture:further squinted;eye brows:further lowered
1078832,18858050,2151,fs-SENSORY,eye aperture:further squinted;eye brows:further lowered
1078832,18858050,2152,fs-SENSORY,eye aperture:further squinted;eye brows:further lowered
1078832,18858050,2153,fs-SENSORY,eye aperture:further squinted;eye brows:further lowered
1078832,18858050,2154,fs-SENSORY,eye aperture:further squinted;eye brows:further lowered
1078832,18858050,2155,fs-SENSORY,eye aperture:further squinted;eye brows:further lowered
1078832,18858050,2156,fs-SENSORY,eye aperture:further squinted;eye brows:further lowered
1078832,18858050,2157,fs-SENSORY,eye aperture:further squinted;eye brows:further lowered
1078832,18858050,2158,fs-SENSORY,eye aperture:further squinted;eye brows:further lowered
1078832,18858050,2159,fs-SENSORY,eye aperture:further squinted;eye brows:further lowered
1078832,18858050,2160,fs-SENSORY,eye aperture:further squinted;eye brows:further lowered
1078832,18858050,2161,fs-SENSORY,eye aperture:further squinted;eye brows:further lowered
1078832,18858050,2162,fs-SENSORY,eye aperture:further squinted;eye brows:further lowered
1078832,18858050,2163,fs-SENSORY,eye aperture:further squinted;eye brows:further lowered
1078832,18858050,2164,fs-SENSORY,eye aperture:further squinted;eye brows:further lowered
1078832,18858050,2165,fs-SENSORY,eye aperture:further squinted;eye aperture:squint;eye brows:further lowered
1078832,18858050,2166,fs-SENSORY,eye aperture:squint;eye brows:further lowered
1078832,18858050,2167,fs-SENSORY,eye aperture:squint;eye brows:further lowered
1078832,18858050,2168,,eye aperture:squint;eye brows:further lowered
1078832,18858050,2169,,eye aperture:squint;eye brows:further lowered
1078832,18858050,2170,,eye aperture:squint;eye brows:further lowered
1078832,18858050,2171,WORLD,eye aperture:squint;eye brows:further lowered
1078832,18858050,2172,WORLD,eye aperture:squint;eye brows:further lowered
1078832,18858050,2173,WORLD,eye aperture:squint;eye brows:further lowered
1078832,18858050,2174,WORLD,eye aperture:squint;eye brows:further lowered
1078832,18858050,2175,WORLD,eye aperture:squint;eye brows:further lowered
1078832,18858050,2176,WORLD,eye aperture:squint;eye brows:further lowered
1078832,18858050,2177,WORLD,eye aperture:squint;eye brows:further lowered
1078832,18858050,2178,WORLD,eye aperture:squint;eye brows:further lowered
1078832,18858050,2179,WORLD,eye aperture:squint;eye brows:further lowered
1078832,18858050,2180,WORLD,eye aperture:squint;eye brows:further lowered
1078832,18858050,2181,WORLD,eye aperture:squint;eye brows:further lowered
1078832,18858050,2182,WORLD,eye aperture:squint;eye brows:further lowered
1078832,18858050,2183,,eye aperture:squint;eye brows:further lowered
1078832,18858050,2184,,eye aperture:squint;eye brows:further lowered
1078832,18858050,2185,,eye aperture:squint;eye brows:further lowered
1078832,18858050,2186,,eye aperture:squint;eye brows:further lowered
1078832,18858050,2187,,eye aperture:squint;eye brows:further lowered
1078832,18858050,2188,,eye aperture:squint;eye brows:further lowered
1078832,18858050,2189,,eye aperture:squint;eye brows:further lowered
1078832,18858050,2190,,eye aperture:squint;eye brows:further lowered
1078832,18858050,2191,,eye aperture:squint;eye brows:further lowered
1078832,18858050,2192,,eye aperture:squint;eye brows:further lowered
1078832,18858050,2193,,eye aperture:squint;eye brows:further lowered
1078832,18858050,2194,,eye aperture:squint;eye brows:further lowered
1078832,18858050,2195,,eye aperture:squint;eye brows:further lowered
1078832,18858050,2196,,eye aperture:squint;eye brows:further lowered
1078832,18858050,2197,,eye aperture:squint;eye brows:further lowered
1078832,18858050,2198,,eye aperture:squint;eye brows:further lowered
1078832,18858050,2199,,eye brows:further lowered
1078832,18858050,2200,,eye aperture:blink;eye brows:further lowered
1078832,18858050,2201,,eye aperture:blink;eye brows:further lowered
1078832,18858050,2202,,eye aperture:blink;eye brows:further lowered
1078832,18858050,2203,,eye brows:further lowered
1078832,18858050,2204,,eye brows:further lowered
1078832,18858050,2205,,eye brows:further lowered
1078832,18858050,2206,,eye brows:further lowered
1078832,18858050,2207,,eye aperture:blink;eye brows:further lowered
1078832,18858050,2208,,eye aperture:blink
1078832,18903628,2251,,eye aperture:lowered lid
1078832,18903628,2252,,eye aperture:lowered lid
1078832,18903628,2253,,eye aperture:lowered lid
1078832,18903628,2254,,eye aperture:lowered lid
1078832,18903628,2255,THAT,eye aperture:lowered lid;eye brows:lowered
1078832,18903628,2256,THAT,eye aperture:lowered lid;eye brows:lowered
1078832,18903628,2257,,eye aperture:lowered lid;eye brows:lowered
1078832,18903628,2258,,eye aperture:lowered lid;eye brows:lowered
1078832,18903628,2259,,eye aperture:lowered lid;eye brows:lowered
1078832,18903628,2260,,eye aperture:lowered lid;eye brows:lowered
1078832,18903628,2261,,eye aperture:lowered lid;eye brows:lowered
1078832,18903628,2262,,eye aperture:lowered lid;eye brows:lowered
1078832,18903628,2263,,eye aperture:lowered lid;eye brows:lowered
1078832,18903628,2264,IDEA,eye aperture:lowered lid;eye brows:lowered
1078832,18903628,2265,IDEA,eye aperture:lowered lid;eye brows:lowered;head pos: tilt side:right
1078832,18903628,2266,IDEA,eye aperture:lowered lid;eye brows:lowered;head pos: tilt side:right
1078832,18903628,2267,IDEA,eye aperture:lowered lid;eye brows:lowered;head pos: tilt side:right
1078832,18903628,2268,IDEA,eye aperture:lowered lid;eye brows:lowered;head pos: tilt side:right
1078832,18903628,2269,IDEA,eye aperture:lowered lid;eye brows:lowered;head pos: tilt side:right
1078832,18903628,2270,IDEA,eye aperture:lowered lid;eye brows:lowered;head pos: tilt side:right
1078832,18903628,2271,IDEA,eye aperture:lowered lid;eye brows:lowered;head pos: tilt side:right
1078832,18903628,2272,,eye aperture:lowered lid;eye brows:lowered;head pos: tilt side:right
1078832,18903628,2273,,eye aperture:lowered lid;eye brows:lowered;head pos: tilt side:right
1078832,18903628,2274,,eye aperture:lowered lid;eye brows:lowered;head pos: tilt side:right
1078832,18903628,2275,,eye aperture:lowered lid;eye brows:lowered;head pos: tilt side:right
1078832,18903628,2276,,eye aperture:lowered lid;eye brows:lowered;head pos: tilt side:right
1078832,18903628,2277,,eye aperture:lowered lid;eye brows:lowered;head pos: tilt side:right
1078832,18903628,2278,,eye aperture:lowered lid;eye brows:lowered;head pos: tilt side:right
1078832,18903628,2279,SET-UP,eye aperture:lowered lid;eye brows:lowered;head pos: tilt side:right
1078832,18903628,2280,SET-UP,eye aperture:lowered lid;eye brows:lowered;head pos: tilt side:right
1078832,18903628,2281,SET-UP,eye aperture:lowered lid;eye brows:lowered;head pos: tilt side:right
1078832,18903628,2282,SET-UP,eye aperture:lowered lid;eye brows:lowered;head pos: tilt side:right
1078832,18903628,2283,SET-UP,eye aperture:lowered lid;eye brows:lowered;head pos: tilt side:right
1078832,18903628,2284,SET-UP,eye aperture:lowered lid;eye brows:lowered;head pos: tilt side:right
1078832,18903628,2285,SET-UP,eye aperture:lowered lid;eye brows:lowered;head pos: tilt side:right
1078832,18903628,2286,SET-UP,eye aperture:lowered lid;eye brows:lowered;head pos: tilt side:right
1078832,18903628,2287,,eye aperture:lowered lid;eye brows:lowered;head pos: tilt side:right
1078832,18903628,2288,,eye aperture:lowered lid;eye brows:lowered;head pos: tilt side:right
1078832,18903628,2289,,eye aperture:lowered lid;eye brows:lowered;head pos: tilt side:right
1078832,18903628,2290,,eye aperture:lowered lid;eye brows:lowered;head pos: tilt side:right
1078832,18903628,2291,,eye aperture:lowered lid;eye brows:lowered;head pos: tilt side:right
1078832,18903628,2292,,eye aperture:lowered lid;eye brows:lowered;head pos: tilt side:right
1078832,18903628,2293,,eye aperture:lowered lid;eye brows:lowered;head pos: tilt side:right
1078832,18903628,2294,,eye aperture:lowered lid;eye brows:lowered;head pos: tilt side:right
1078832,18903628,2295,,eye aperture:lowered lid;eye brows:lowered;head pos: tilt side:right
1078832,18903628,2296,,eye aperture:lowered lid;eye brows:lowered;head pos: tilt side:right
1078832,18903628,2297,,eye aperture:lowered lid;eye brows:lowered;head pos: tilt side:right
1078832,18903628,2298,,eye aperture:lowered lid;eye brows:lowered;head pos: tilt side:right
1078832,18903628,2299,,eye aperture:lowered lid;eye brows:lowered;head pos: tilt side:right
1078832,18903628,2300,,eye aperture:lowered lid;eye brows:lowered;head pos: tilt side:right
1078832,18903628,2301,,eye aperture:lowered lid;eye brows:lowered;head pos: tilt side:right
1078832,18903628,2302,,eye aperture:lowered lid;eye brows:lowered;head pos: tilt side:right
1078832,18903628,2303,,eye aperture:lowered lid;eye brows:lowered;head pos: tilt side:right
1078832,18903628,2304,,eye aperture:lowered lid;eye brows:lowered;head pos: tilt side:right
1078832,18903628,2305,,eye aperture:lowered lid;eye brows:lowered;head pos: tilt side:right
1078832,18903628,2306,,eye aperture:lowered lid;eye brows:lowered;eye gaze:left;head pos: tilt side:right
1078832,18903628,2307,,eye aperture:lowered lid;eye brows:lowered;eye gaze:left;head pos: tilt side:right
1078832,18903628,2308,,eye aperture:lowered lid;eye brows:lowered;eye gaze:left;head pos: tilt side:right
1078832,18903628,2309,REALLY,eye aperture:lowered lid;eye brows:lowered;eye gaze:left;head pos: tilt side:right
1078832,18903628,2310,REALLY,eye brows:lowered;eye gaze:left;head pos: tilt side:right
1078832,18903628,2311,REALLY,eye brows:lowered;eye gaze:left;head pos: tilt side:right
1078832,18903628,2312,REALLY,eye brows:lowered;head pos: tilt side:right
1078832,18903628,2313,REALLY,eye aperture:blink;eye brows:lowered;head pos: tilt side:right
1078832,18903628,2314,,eye aperture:blink;eye brows:lowered;head pos: tilt side:right
1078832,18903628,2315,,eye aperture:blink;eye brows:lowered;head pos: tilt side:right
1078832,18903628,2316,,eye aperture:blink;eye brows:lowered;head pos: tilt side:right
1078832,18903628,2317,,eye aperture:further lowered;eye brows:lowered;head pos: tilt side:right
1078832,18903628,2318,,eye aperture:further lowered;eye brows:lowered;eye gaze:up/left;head pos: tilt side:right
1078832,18903628,2319,,eye aperture:further lowered;eye brows:lowered;eye gaze:up/left;head pos: tilt side:right
1078832,18903628,2320,,eye aperture:further lowered;eye brows:lowered;eye gaze:up/left;head pos: tilt side:right
1078832,18903628,2321,,eye aperture:further lowered;eye brows:lowered;eye gaze:up/left;head pos: tilt side:right
1078832,18903628,2322,BELOW_2,eye aperture:further lowered;eye brows:lowered;eye gaze:up/left;head pos: tilt side:right
1078832,18903628,2323,BELOW_2,eye aperture:further lowered;eye brows:lowered;eye gaze:up/left;head pos: tilt side:right
1078832,18903628,2324,BELOW_2,eye aperture:further lowered;eye brows:lowered;eye gaze:up/left;head pos: tilt side:right
1078832,18903628,2325,BELOW_2,eye aperture:further lowered;eye brows:lowered;eye gaze:up/left;head pos: tilt side:right
1078832,18903628,2326,BELOW_2,eye aperture:further lowered;eye brows:lowered;eye gaze:up/left;head pos: tilt side:right
1078832,18903628,2327,BELOW_2,eye aperture:further lowered;eye brows:lowered;eye gaze:up/left;head pos: tilt side:right
1078832,18903628,2328,BELOW_2,eye aperture:further lowered;eye brows:lowered;eye gaze:up/left;head pos: tilt side:right
1078832,18903628,2329,BELOW_2,eye aperture:further lowered;eye brows:lowered;eye gaze:up/left;head pos: tilt side:right
1078832,18903628,2330,BELOW_2,eye aperture:further lowered;eye brows:lowered;eye gaze:up/left;head pos: tilt side:right
1078832,18903628,2331,BELOW_2,eye aperture:further lowered;eye brows:lowered;eye gaze:up/left;head pos: tilt side:right
1078832,18903628,2332,BELOW_2,eye aperture:further lowered;eye brows:lowered;eye gaze:up/left;head pos: tilt side:right
1078832,18903628,2333,,eye aperture:further lowered;eye brows:lowered;eye gaze:up/left;head pos: tilt side:right
1078832,18903628,2334,,eye aperture:blink;eye brows:lowered;head pos: tilt side:right
1078832,18903628,2335,,eye aperture:blink;eye brows:lowered;head pos: tilt side:right
1078832,18903628,2336,,eye brows:lowered;head pos: tilt side:right
1078832,18903628,2337,,eye aperture:further lowered;eye brows:lowered;head pos: tilt side:right
1078832,18903628,2338,,eye aperture:further lowered;eye brows:lowered;eye gaze:other
1078832,18903628,2339,,eye aperture:further lowered;eye brows:lowered;eye gaze:other
1078832,18903628,2340,,eye aperture:further lowered;eye brows:lowered;eye gaze:other
1078832,18903628,2341,DIFFERENT-arc,eye aperture:further lowered;eye brows:lowered;eye gaze:other
1078832,18903628,2342,DIFFERENT-arc,eye aperture:further lowered;eye brows:lowered;eye gaze:other
1078832,18903628,2343,DIFFERENT-arc,eye aperture:further lowered;eye brows:lowered
1078832,18903628,2344,DIFFERENT-arc,eye aperture:further lowered;eye brows:lowered
1078832,18903628,2345,DIFFERENT-arc,eye aperture:further lowered;eye brows:lowered
1078832,18903628,2346,DIFFERENT-arc,eye aperture:further lowered;eye brows:lowered
1078832,18903628,2347,DIFFERENT-arc,eye aperture:further lowered;eye brows:lowered
1078832,18903628,2348,DIFFERENT-arc,eye aperture:further lowered;eye brows:lowered
1078832,18903628,2349,DIFFERENT-arc,eye aperture:further lowered;eye brows:lowered
1078832,18903628,2350,DIFFERENT-arc,eye aperture:further lowered;eye brows:lowered
1078832,18903628,2351,,eye aperture:further lowered;eye brows:lowered
1078832,18903628,2352,,eye aperture:further lowered;eye brows:lowered
1078832,18903628,2353,,eye aperture:further lowered;eye brows:lowered
1078832,18903628,2354,,eye aperture:further lowered;eye brows:lowered
1078832,18903628,2355,,eye aperture:further lowered;eye brows:lowered
1078832,18903628,2356,,eye aperture:further lowered;eye brows:lowered
1078832,18903628,2357,CULTURE,eye aperture:further lowered;eye brows:lowered
1078832,18903628,2358,CULTURE,eye aperture:further lowered;eye brows:lowered
1078832,18903628,2359,CULTURE,eye aperture:further lowered;eye brows:lowered
1078832,18903628,2360,CULTURE,eye aperture:further lowered;eye brows:lowered
1078832,18903628,2361,CULTURE,eye aperture:further lowered;eye brows:lowered
1078832,18903628,2362,,eye aperture:further lowered;eye brows:lowered
1078832,18903628,2363,,eye brows:lowered
1078832,18903628,2364,,eye aperture:blink;eye brows:lowered
1078832,18903628,2365,,eye aperture:blink;eye brows:lowered
1078832,18903628,2366,,eye aperture:blink;eye brows:lowered
1078832,18903628,2367,,eye aperture:blink;eye brows:lowered
1078832,18903628,2368,,eye brows:lowered
1078832,18903628,2369,,eye brows:lowered
1078832,18903628,2370,HAVE,eye brows:lowered
1078832,18903628,2371,HAVE,eye aperture:further lowered;eye brows:lowered
1078832,18903628,2372,HAVE,eye aperture:further lowered;eye brows:lowered
1078832,18903628,2373,HAVE,eye aperture:further lowered;eye brows:lowered
1078832,18903628,2374,HAVE,eye aperture:further lowered;eye brows:lowered
1078832,18903628,2375,HAVE,eye aperture:further lowered;eye brows:lowered
1078832,18903628,2376,,eye aperture:further lowered;eye brows:lowered
1078832,18903628,2377,,eye aperture:further lowered;eye brows:lowered
1078832,18903628,2378,,eye aperture:further lowered;eye brows:lowered
1078832,18903628,2379,,eye aperture:further lowered;eye brows:lowered
1078832,18903628,2380,,eye aperture:further lowered;eye brows:lowered
1078832,18903628,2381,,eye aperture:further lowered;eye brows:lowered
1078832,18903628,2382,,eye aperture:further lowered;eye brows:lowered
1078832,18903628,2383,,eye aperture:further lowered;eye brows:lowered
1078832,18903628,2384,,eye aperture:further lowered;eye brows:lowered
1078832,18903628,2385,DIFFERENT-arc,eye aperture:further lowered;eye brows:lowered
1078832,18903628,2386,DIFFERENT-arc,eye aperture:further lowered;eye brows:lowered
1078832,18903628,2387,DIFFERENT-arc,eye aperture:further lowered;eye brows:lowered
1078832,18903628,2388,DIFFERENT-arc,eye aperture:further lowered;eye brows:lowered
1078832,18903628,2389,DIFFERENT-arc,eye aperture:further lowered;eye brows:lowered
1078832,18903628,2390,DIFFERENT-arc,eye aperture:further lowered;eye brows:lowered
1078832,18903628,2391,DIFFERENT-arc,eye aperture:further lowered;eye brows:lowered
1078832,18903628,2392,DIFFERENT-arc,eye aperture:further lowered;eye brows:lowered
1078832,18903628,2393,DIFFERENT-arc,eye aperture:further lowered;eye brows:lowered
1078832,18903628,2394,,eye aperture:further lowered;eye brows:lowered
1078832,18903628,2395,,eye aperture:further lowered
1078832,18903628,2396,,eye aperture:further lowered
1078832,18903628,2397,,eye aperture:further lowered
1078832,18903628,2398,,eye aperture:further lowered
1078832,18903628,2399,ALLOW,eye aperture:further lowered
1078832,18903628,2400,ALLOW,eye aperture:further lowered
1078832,18903628,2401,ALLOW,eye aperture:further lowered
1078832,18903628,2402,ALLOW,eye aperture:further lowered
1078832,18903628,2403,ALLOW,eye aperture:further lowered
1078832,18903628,2404,ALLOW,eye aperture:further lowered
1078832,18903628,2405,ALLOW,eye aperture:further lowered
1078832,18903628,2406,ALLOW,eye aperture:further lowered
1078832,18903628,2407,ALLOW,eye aperture:further lowered
1078832,18903628,2408,ALLOW,eye aperture:further lowered
1078832,18903628,2409,ALLOW,eye aperture:further lowered
1078832,18903628,2410,,eye aperture:further lowered
1078832,18903628,2411,,eye aperture:further lowered
1078832,18903628,2412,,eye aperture:further lowered;eye brows:slightly lowered
1078832,18903628,2413,,eye aperture:further lowered;eye brows:slightly lowered
1078832,18903628,2414,,eye aperture:further lowered;eye brows:slightly lowered
1078832,18903628,2415,,eye aperture:further lowered;eye brows:slightly lowered
1078832,18903628,2416,,eye aperture:further lowered;eye brows:slightly lowered
1078832,18903628,2417,,eye aperture:further lowered;eye brows:slightly lowered
1078832,18903628,2418,,eye aperture:further lowered;eye brows:slightly lowered
1078832,18903628,2419,,eye aperture:further lowered;eye brows:slightly lowered
1078832,18903628,2420,INTERPRET,eye aperture:further lowered;eye brows:slightly lowered
1078832,18903628,2421,INTERPRET,eye aperture:further lowered;eye brows:slightly lowered
1078832,18903628,2422,INTERPRET,eye aperture:further lowered;eye brows:slightly lowered
1078832,18903628,2423,INTERPRET,eye aperture:further lowered;eye brows:slightly lowered
1078832,18903628,2424,INTERPRET,eye aperture:further lowered;eye brows:slightly lowered
1078832,18903628,2425,INTERPRET,eye brows:slightly lowered
1078832,18903628,2426,INTERPRET,eye brows:slightly lowered
1078832,18903628,2427,INTERPRET,eye aperture:squint;eye brows:slightly lowered
1078832,18903628,2428,INTERPRET,eye aperture:squint;eye brows:slightly lowered
1078832,18903628,2429,INTERPRET,eye aperture:squint;eye brows:slightly lowered
1078832,18903628,2430,INTERPRET,eye aperture:squint
1078832,18903628,2431,,eye aperture:squint
1078832,18903628,2432,,eye aperture:squint
1078832,18903628,2433,,eye aperture:squint
1078832,18903628,2434,,eye aperture:squint
1078832,18903628,2435,,eye aperture:squint
1078832,18903628,2436,OR,eye aperture:squint;topic/focus:focus
1078832,18903628,2437,OR,eye aperture:squint;eye gaze:other;topic/focus:focus
1078832,18903628,2438,OR,eye aperture:squint;eye brows:raised;eye gaze:other;topic/focus:focus
1078832,18903628,2439,OR,eye aperture:squint;eye brows:raised;eye gaze:other;topic/focus:focus
1078832,18903628,2440,,eye aperture:squint;eye brows:raised;eye gaze:other
1078832,18903628,2441,,eye aperture:squint;eye brows:raised;eye gaze:other
1078832,18903628,2442,,eye aperture:squint;eye brows:raised;eye gaze:other
1078832,18903628,2443,,eye aperture:squint;eye brows:raised;eye gaze:other
1078832,18903628,2444,,eye aperture:squint;eye brows:raised;eye gaze:other
1078832,18903628,2445,,eye aperture:squint;eye brows:raised;eye gaze:other
1078832,18903628,2446,,eye aperture:squint;eye brows:raised;eye gaze:other
1078832,18903628,2447,,eye aperture:squint;eye brows:raised;eye gaze:other
1078832,18903628,2448,GIFT,eye aperture:squint;eye brows:raised;eye gaze:other
1078832,18903628,2449,GIFT,eye aperture:squint;eye brows:raised;eye gaze:other
1078832,18903628,2450,GIFT,eye aperture:squint;eye brows:raised;head pos: tilt side:left
1078832,18903628,2451,GIFT,eye aperture:squint;head pos: tilt side:left
1078832,18903628,2452,GIFT,eye aperture:squint;head pos: tilt side:left
1078832,18903628,2453,,eye aperture:squint
1078832,18903628,2454,,eye aperture:squint
1078832,18903628,2455,,eye aperture:squint
1078832,18903628,2456,,eye aperture:squint
1078832,18903628,2457,,eye aperture:squint
1078832,18903628,2458,MEAN,eye aperture:squint
1078832,18903628,2459,MEAN,eye aperture:squint
1078832,18903628,2460,MEAN,eye aperture:squint
1078832,18903628,2461,MEAN,eye aperture:squint
1078832,18903628,2462,MEAN,eye aperture:squint
1078832,18903628,2463,MEAN,eye aperture:squint
1078832,18903628,2464,,eye aperture:squint
1078832,18903628,2465,,eye aperture:squint
1078832,18903628,2466,,eye aperture:squint
1078832,18903628,2467,,eye aperture:squint
1078832,18903628,2468,,eye aperture:squint
1078832,18903628,2469,TO/UNTIL,eye aperture:squint
1078832,18903628,2470,TO/UNTIL,eye aperture:squint
1078832,18903628,2471,TO/UNTIL,eye aperture:squint
1078832,18903628,2472,,eye aperture:squint
1078832,18903628,2473,,eye aperture:squint
1078832,18903628,2474,,eye aperture:squint
1078832,18903628,2475,DIFFERENT-arc,eye aperture:squint
1078832,18903628,2476,DIFFERENT-arc,eye aperture:squint
1078832,18903628,2477,DIFFERENT-arc,eye aperture:squint
1078832,18903628,2478,DIFFERENT-arc,eye aperture:squint;eye brows:lowered
1078832,18903628,2479,DIFFERENT-arc,eye aperture:squint;eye brows:lowered
1078832,18903628,2480,DIFFERENT-arc,eye aperture:squint;eye brows:lowered
1078832,18903628,2481,DIFFERENT-arc,eye aperture:squint;eye brows:lowered
1078832,18903628,2482,DIFFERENT-arc,eye aperture:squint;eye brows:lowered
1078832,18903628,2483,DIFFERENT-arc,eye aperture:squint;eye brows:lowered
1078832,18903628,2484,DIFFERENT-arc,eye aperture:squint;eye brows:lowered
1078832,18903628,2485,,eye aperture:squint;eye brows:lowered
1078832,18903628,2486,,eye aperture:squint;eye brows:lowered
1078832,18903628,2487,,eye aperture:squint;eye brows:lowered
1078832,18903628,2488,,eye aperture:squint;eye brows:lowered
1078832,18903628,2489,,eye aperture:squint;eye brows:lowered
1078832,18903628,2490,,eye aperture:squint;eye brows:lowered
1078832,18903628,2491,,eye aperture:squint;eye brows:lowered
1078832,18903628,2492,,eye aperture:squint;eye brows:lowered
1078832,18903628,2493,fs-SENSORY,eye aperture:squint;eye brows:lowered
1078832,18903628,2494,fs-SENSORY,eye aperture:squint;eye brows:lowered
1078832,18903628,2495,fs-SENSORY,eye aperture:squint;eye brows:lowered
1078832,18903628,2496,fs-SENSORY,eye aperture:squint;eye brows:lowered
1078832,18903628,2497,fs-SENSORY,eye aperture:squint;eye brows:lowered
1078832,18903628,2498,fs-SENSORY,eye aperture:squint;eye brows:lowered
1078832,18903628,2499,fs-SENSORY,eye aperture:squint;eye brows:lowered
1078832,18903628,2500,fs-SENSORY,eye aperture:squint;eye brows:lowered
1078832,18903628,2501,fs-SENSORY,eye aperture:squint;eye brows:lowered
1078832,18903628,2502,fs-SENSORY,eye aperture:squint;eye brows:lowered
1078832,18903628,2503,fs-SENSORY,eye aperture:squint;eye brows:lowered
1078832,18903628,2504,fs-SENSORY,eye aperture:squint;eye brows:lowered
1078832,18903628,2505,fs-SENSORY,eye aperture:squint;eye brows:lowered
1078832,18903628,2506,fs-SENSORY,eye aperture:squint;eye brows:lowered
1078832,18903628,2507,fs-SENSORY,eye aperture:squint;eye brows:lowered
1078832,18903628,2508,fs-SENSORY,eye aperture:squint;eye brows:lowered
1078832,18903628,2509,fs-SENSORY,eye aperture:squint;eye brows:lowered
1078832,18903628,2510,fs-SENSORY,eye aperture:squint;eye brows:lowered
1078832,18903628,2511,fs-SENSORY,eye aperture:squint;eye brows:lowered
1078832,18903628,2512,fs-SENSORY,eye aperture:squint;eye brows:lowered
1078832,18903628,2513,fs-SENSORY,eye aperture:squint;eye brows:lowered
1078832,18903628,2514,fs-SENSORY,eye aperture:squint;eye brows:lowered
1078832,18903628,2515,fs-SENSORY,eye brows:lowered
1078832,18903628,2516,fs-SENSORY,eye brows:lowered
1078832,18903628,2517,fs-SENSORY,eye brows:lowered
1078832,18903628,2518,fs-SENSORY,eye brows:lowered
1078832,18903628,2519,fs-SENSORY,eye brows:lowered
1078832,18903628,2520,fs-SENSORY,eye brows:lowered
1078832,18903628,2521,fs-SENSORY,eye brows:lowered
1078832,18903628,2522,fs-SENSORY,eye brows:lowered
1078832,18903628,2523,fs-SENSORY,eye brows:lowered
1078832,18903628,2524,fs-SENSORY,eye brows:lowered
1078832,18903628,2525,fs-SENSORY,eye brows:lowered
1078832,18903628,2526,fs-SENSORY,eye brows:lowered
1078832,18903628,2527,fs-SENSORY,eye brows:lowered
1078832,18903628,2528,,eye brows:lowered
1078832,18903628,2529,,eye brows:lowered
1078832,18903628,2530,,eye brows:lowered
1078832,18903628,2531,,eye brows:lowered
1078832,18903628,2532,,eye brows:lowered
1078832,18903628,2533,,eye brows:lowered
1078832,18903628,2534,EXPERIENCE,eye brows:lowered
1078832,18903628,2535,EXPERIENCE,eye brows:lowered
1078832,18903628,2536,EXPERIENCE,eye brows:lowered
1078832,18903628,2537,EXPERIENCE,eye brows:lowered
1078832,18903628,2538,EXPERIENCE,eye aperture:squint;eye brows:lowered
1078832,18903628,2539,EXPERIENCE,eye aperture:squint;eye brows:lowered
1078832,18903628,2540,EXPERIENCE,eye aperture:squint;eye brows:lowered
1078832,18903628,2541,EXPERIENCE,eye aperture:squint;eye brows:lowered
1078832,18903628,2542,EXPERIENCE,eye aperture:squint;eye brows:lowered
1078832,18903628,2543,EXPERIENCE,eye aperture:squint;eye brows:lowered
1078832,18903628,2544,EXPERIENCE,eye aperture:squint;eye brows:lowered
1078832,18903628,2545,EXPERIENCE,eye aperture:squint;eye brows:lowered;eye brows:slightly lowered
1078832,18903628,2546,EXPERIENCE,eye aperture:squint;eye brows:slightly lowered
1078832,18903628,2547,,eye aperture:squint;eye brows:slightly lowered
1078832,18903628,2548,,eye aperture:squint;eye brows:slightly lowered
1078832,18903628,2549,,eye aperture:squint;eye brows:slightly lowered;head mvmt: nod:slight single head nod
1078832,18903628,2550,,eye aperture:squint;eye brows:slightly lowered;head mvmt: nod:slight single head nod;head pos: tilt side:slightly left
1078832,18903628,2551,,eye aperture:squint;eye brows:slightly lowered;head mvmt: nod:slight single head nod;head pos: tilt side:slightly left
1078832,18903628,2552,,eye aperture:squint;eye brows:slightly lowered;head mvmt: nod:slight single head nod;head pos: tilt side:slightly left
1078832,18903628,2553,5you know,eye aperture:squint;eye brows:slightly lowered;head mvmt: nod:slight single head nod;head pos: tilt side:slightly left
1078832,18903628,2554,5you know,eye aperture:squint;eye brows:slightly lowered;head mvmt: nod:slight single head nod;head pos: tilt side:slightly left
1078832,18903628,2555,5you know,eye aperture:squint;eye brows:slightly lowered;head mvmt: nod:slight single head nod;head pos: tilt side:slightly left
1078832,18903628,2556,5you know,eye aperture:squint;eye brows:slightly lowered;head mvmt: nod:slight single head nod;head pos: tilt side:slightly left
1078832,18903628,2557,5you know,eye aperture:squint;eye brows:slightly lowered;head mvmt: nod:slight single head nod;head pos: tilt side:slightly left
1078832,18903628,2558,,eye aperture:squint;eye brows:slightly lowered;head mvmt: nod:slight single head nod;head pos: tilt side:slightly left
1078832,18903628,2559,,eye aperture:squint;eye brows:slightly lowered;head mvmt: nod:slight single head nod;head pos: tilt side:slightly left
1078832,18903628,2560,,eye brows:slightly lowered;head mvmt: nod:slight single head nod;head pos: tilt side:slightly left
1078832,18903628,2561,,eye brows:slightly lowered;head mvmt: nod:slight single head nod;head pos: tilt side:slightly left
1078832,18903628,2562,,eye brows:slightly lowered;head mvmt: nod:slight single head nod;head pos: tilt side:slightly left
1078832,18903628,2563,,eye aperture:blink;eye brows:slightly lowered;head mvmt: nod:slight single head nod;head pos: tilt side:slightly left
1078832,18903628,2564,,eye aperture:blink;eye brows:slightly lowered;head mvmt: nod:slight single head nod;head pos: tilt side:slightly left
1078832,18903628,2565,,eye brows:slightly lowered;head mvmt: nod:slight single head nod;head pos: tilt side:slightly left
1078832,18903628,2566,,eye brows:slightly lowered;head mvmt: nod:slight single head nod;head pos: tilt side:slightly left
1078832,18903628,2567,,eye brows:slightly lowered;head mvmt: nod:slight single head nod;head pos: tilt side:slightly left
1078832,18903628,2568,,eye brows:slightly lowered;head mvmt: nod:slight single head nod;head pos: tilt side:slightly left
1078832,18903628,2569,,eye aperture:blink;eye brows:slightly lowered;head mvmt: nod:slight single head nod;head pos: tilt side:slightly left
1078832,18903628,2570,,eye aperture:blink;eye brows:slightly lowered;head mvmt: nod:slight single head nod;head pos: tilt side:slightly left
1078832,18903628,2571,,eye brows:slightly lowered;head mvmt: nod:slight single head nod;head pos: tilt side:slightly left
1078832,18903628,2572,,eye brows:slightly lowered;head mvmt: nod:slight single head nod;head pos: tilt side:slightly left
1078832,18903628,2573,,eye brows:slightly lowered;head mvmt: nod:slight single head nod;head pos: tilt side:slightly left
1078832,18903628,2574,,eye brows:slightly lowered;head mvmt: nod:slight single head nod;head pos: tilt side:slightly left
1078832,18903628,2575,,eye brows:slightly lowered;head mvmt: nod:slight single head nod
1078832,18903628,2576,,eye brows:slightly lowered;head mvmt: nod:slight single head nod
1078832,18903628,2577,,eye brows:slightly lowered;head mvmt: nod:slight single head nod
1078832,18903628,2578,,eye brows:slightly lowered;head mvmt: nod:slight single head nod
1078832,18903628,2579,,eye brows:slightly lowered;head mvmt: nod:slight single head nod
1078832,18903628,2580,,eye brows:slightly lowered;head mvmt: nod:slight single head nod
1078832,18953718,2582,,eye aperture:blink
1078832,18953718,2583,,eye aperture:blink;head pos: turn:left
1078832,18953718,2584,,eye aperture:blink;eye brows:lowered;head pos: turn:left
1078832,18953718,2585,,eye brows:lowered;head pos: turn:left
1078832,18953718,2586,NOW,eye aperture:further lowered;eye brows:lowered;head pos: turn:left
1078832,18953718,2587,NOW,eye aperture:further lowered;eye brows:lowered;head pos: turn:left
1078832,18953718,2588,NOW,eye aperture:further lowered;eye brows:lowered;head pos: turn:left
1078832,18953718,2589,,eye aperture:further lowered;eye brows:lowered;head pos: turn:left
1078832,18953718,2590,,eye aperture:closed;eye brows:lowered;head pos: turn:left
1078832,18953718,2591,IX-1p,eye aperture:closed;eye brows:lowered;head pos: turn:left
1078832,18953718,2592,,eye aperture:closed;eye brows:lowered;head pos: turn:left
1078832,18953718,2593,,eye aperture:closed;eye brows:lowered;head pos: turn:left
1078832,18953718,2594,,eye aperture:closed;eye brows:lowered;head pos: turn:left
1078832,18953718,2595,,eye aperture:closed;eye brows:lowered;head pos: turn:left
1078832,18953718,2596,,eye brows:lowered;head pos: turn:left
1078832,18953718,2597,MOVING-ON-TO-NEXT-TOPIC,eye aperture:further lowered;eye brows:lowered;head pos: turn:left
1078832,18953718,2598,MOVING-ON-TO-NEXT-TOPIC,eye aperture:further lowered;eye brows:lowered;head pos: turn:left
1078832,18953718,2599,MOVING-ON-TO-NEXT-TOPIC,eye aperture:further lowered;eye brows:lowered;head pos: turn:left
1078832,18953718,2600,MOVING-ON-TO-NEXT-TOPIC,eye aperture:further lowered;eye brows:lowered;head pos: turn:left
1078832,18953718,2601,MOVING-ON-TO-NEXT-TOPIC,eye aperture:further lowered;eye brows:lowered;head pos: turn:left
1078832,18953718,2602,MOVING-ON-TO-NEXT-TOPIC,eye aperture:further lowered;eye brows:lowered;head pos: turn:left
1078832,18953718,2603,MOVING-ON-TO-NEXT-TOPIC,eye aperture:further lowered;eye brows:lowered;head pos: turn:left
1078832,18953718,2604,MOVING-ON-TO-NEXT-TOPIC,eye aperture:further lowered;eye brows:lowered;head pos: turn:left
1078832,18953718,2605,MOVING-ON-TO-NEXT-TOPIC,eye aperture:further lowered;eye brows:lowered;head pos: turn:left
1078832,18953718,2606,MOVING-ON-TO-NEXT-TOPIC,eye aperture:further lowered;eye brows:lowered;head pos: turn:left
1078832,18953718,2607,MOVING-ON-TO-NEXT-TOPIC,eye aperture:further lowered;eye brows:lowered;head pos: turn:left
1078832,18953718,2608,MOVING-ON-TO-NEXT-TOPIC,eye aperture:further lowered;eye brows:lowered;head pos: turn:left
1078832,18953718,2609,MOVING-ON-TO-NEXT-TOPIC,eye aperture:further lowered;eye brows:lowered;head pos: turn:left
1078832,18953718,2610,MOVING-ON-TO-NEXT-TOPIC,eye aperture:further lowered;eye brows:lowered;head pos: turn:left
1078832,18953718,2611,,eye aperture:further lowered;eye aperture:lowered lid;eye brows:lowered;head pos: turn:left
1078832,18953718,2612,,eye aperture:lowered lid;eye brows:lowered;head pos: turn:left
1078832,18953718,2613,,eye aperture:lowered lid;eye brows:lowered;head pos: turn:left
1078832,18953718,2614,,eye aperture:lowered lid;eye brows:lowered;head pos: turn:left
1078832,18953718,2615,,eye aperture:lowered lid;eye brows:lowered;head pos: turn:left
1078832,18953718,2616,,eye aperture:lowered lid;eye brows:lowered;head pos: turn:left
1078832,18953718,2617,,eye aperture:lowered lid;eye brows:lowered;head pos: turn:left
1078832,18953718,2618,,eye aperture:lowered lid;eye brows:lowered;head pos: turn:left
1078832,18953718,2619,,eye aperture:lowered lid;eye brows:lowered;head pos: turn:left
1078832,18953718,2620,,eye aperture:lowered lid;eye brows:lowered;head pos: turn:left
1078832,18953718,2621,FOCUS/NARROW,eye aperture:lowered lid;eye brows:lowered;head pos: turn:left
1078832,18953718,2622,FOCUS/NARROW,eye aperture:lowered lid;eye brows:lowered;head pos: turn:left
1078832,18953718,2623,FOCUS/NARROW,eye aperture:lowered lid;eye brows:lowered;head pos: turn:left
1078832,18953718,2624,FOCUS/NARROW,eye aperture:lowered lid;eye brows:lowered;head pos: turn:left
1078832,18953718,2625,FOCUS/NARROW,eye aperture:lowered lid;eye brows:lowered;head pos: turn:left
1078832,18953718,2626,FOCUS/NARROW,eye aperture:lowered lid;eye brows:lowered;head pos: turn:left
1078832,18953718,2627,FOCUS/NARROW,eye aperture:lowered lid;eye brows:lowered;head pos: turn:left
1078832,18953718,2628,FOCUS/NARROW,eye aperture:lowered lid;eye brows:lowered;head pos: turn:left
1078832,18953718,2629,,eye aperture:lowered lid;eye brows:lowered;head pos: turn:left
1078832,18953718,2630,,eye aperture:lowered lid;eye brows:lowered;head pos: turn:left
1078832,18953718,2631,,eye aperture:lowered lid;eye brows:lowered;head pos: turn:left
1078832,18953718,2632,,eye aperture:lowered lid;eye brows:lowered;head pos: turn:left
1078832,18953718,2633,,eye aperture:lowered lid;eye brows:lowered;head pos: turn:left
1078832,18953718,2634,,eye aperture:lowered lid;eye brows:lowered;head pos: turn:left
1078832,18953718,2635,,eye aperture:lowered lid;eye brows:lowered;head pos: turn:left
1078832,18953718,2636,,eye aperture:lowered lid;eye brows:lowered;head pos: turn:left
1078832,18953718,2637,,eye aperture:lowered lid;eye brows:lowered;head pos: turn:left
1078832,18953718,2638,,eye aperture:lowered lid;eye brows:lowered;head pos: turn:left
1078832,18953718,2639,,eye aperture:lowered lid;eye brows:lowered;head pos: turn:left
1078832,18953718,2640,,eye aperture:lowered lid;eye brows:lowered;head pos: turn:left
1078832,18953718,2641,fs-AUDIO,eye aperture:lowered lid;eye brows:lowered;head pos: turn:left
1078832,18953718,2642,fs-AUDIO,eye aperture:lowered lid;eye brows:lowered;head pos: turn:left
1078832,18953718,2643,fs-AUDIO,eye aperture:lowered lid;eye brows:lowered;head pos: turn:left
1078832,18953718,2644,fs-AUDIO,eye aperture:lowered lid;eye brows:lowered;head pos: turn:left
1078832,18953718,2645,fs-AUDIO,eye aperture:lowered lid;eye brows:lowered;head pos: turn:left
1078832,18953718,2646,fs-AUDIO,eye aperture:lowered lid;eye brows:lowered;head pos: turn:left
1078832,18953718,2647,fs-AUDIO,eye aperture:lowered lid;eye brows:lowered;head pos: turn:left
1078832,18953718,2648,fs-AUDIO,eye aperture:lowered lid;eye brows:lowered;head pos: turn:left
1078832,18953718,2649,fs-AUDIO,eye aperture:further lowered;eye aperture:lowered lid;eye brows:lowered;head pos: turn:left
1078832,18953718,2650,fs-AUDIO,eye aperture:further lowered;eye brows:lowered;head pos: turn:left
1078832,18953718,2651,fs-AUDIO,eye aperture:further lowered;eye brows:lowered;head pos: turn:left
1078832,18953718,2652,fs-AUDIO,eye aperture:further lowered;eye brows:lowered;head pos: turn:left
1078832,18953718,2653,fs-AUDIO,eye aperture:further lowered;eye brows:lowered;head pos: turn:left
1078832,18953718,2654,fs-AUDIO,eye aperture:further lowered;eye brows:lowered;head pos: turn:left
1078832,18953718,2655,fs-AUDIO,eye aperture:further lowered;eye brows:lowered;head pos: turn:left
1078832,18953718,2656,fs-AUDIO,eye aperture:further lowered;eye brows:lowered
1078832,18953718,2657,fs-AUDIO,eye aperture:further lowered;eye brows:lowered
1078832,18953718,2658,fs-AUDIO,eye aperture:further lowered;eye brows:lowered
1078832,18953718,2659,fs-AUDIO,eye aperture:further lowered;eye brows:lowered
1078832,18953718,2660,fs-AUDIO,eye aperture:further lowered;eye brows:lowered
1078832,18953718,2661,fs-AUDIO,eye aperture:further lowered;eye brows:lowered
1078832,18953718,2662,fs-AUDIO,eye aperture:further lowered;eye brows:lowered
1078832,18953718,2663,,eye aperture:further lowered;eye brows:lowered
1078832,18953718,2664,,eye aperture:further lowered;eye brows:lowered
1078832,18953718,2665,,eye aperture:further lowered;eye brows:lowered
1078832,18953718,2666,,eye aperture:further lowered;eye brows:lowered
1078832,18953718,2667,,eye aperture:further lowered;eye brows:lowered
1078832,18953718,2668,,eye aperture:further lowered;eye brows:lowered
1078832,18953718,2669,fs-VOCAL,eye aperture:further lowered;eye brows:lowered
1078832,18953718,2670,fs-VOCAL,eye aperture:further lowered;eye brows:lowered
1078832,18953718,2671,fs-VOCAL,eye aperture:further lowered;eye brows:lowered
1078832,18953718,2672,fs-VOCAL,eye aperture:further lowered;eye brows:lowered
1078832,18953718,2673,fs-VOCAL,eye aperture:further lowered;eye brows:lowered
1078832,18953718,2674,fs-VOCAL,eye aperture:further lowered;eye brows:lowered
1078832,18953718,2675,fs-VOCAL,eye aperture:further lowered;eye brows:lowered
1078832,18953718,2676,fs-VOCAL,eye aperture:further lowered;eye brows:lowered
1078832,18953718,2677,fs-VOCAL,eye aperture:further lowered;eye brows:lowered;head pos: turn:slightly right
1078832,18953718,2678,fs-VOCAL,eye aperture:further lowered;eye brows:lowered;head pos: tilt side:slightly left;head pos: turn:slightly right
1078832,18953718,2679,fs-VOCAL,eye aperture:further lowered;eye brows:lowered;head pos: tilt side:slightly left;head pos: turn:slightly right
1078832,18953718,2680,fs-VOCAL,eye aperture:further lowered;eye brows:lowered;head pos: tilt side:slightly left;head pos: turn:slightly right
1078832,18953718,2681,fs-VOCAL,eye aperture:further lowered;eye brows:lowered;head pos: tilt side:slightly left;head pos: turn:slightly right
1078832,18953718,2682,fs-VOCAL,eye aperture:further lowered;eye brows:lowered;head pos: tilt side:slightly left;head pos: turn:slightly right
1078832,18953718,2683,fs-VOCAL,eye aperture:squint;eye brows:lowered;head pos: tilt side:slightly left;head pos: turn:slightly right
1078832,18953718,2684,fs-VOCAL,eye aperture:squint;eye brows:lowered;head pos: tilt side:slightly left;head pos: turn:slightly right
1078832,18953718,2685,fs-VOCAL,eye aperture:squint;eye brows:lowered;head pos: tilt side:slightly left;head pos: turn:slightly right
1078832,18953718,2686,fs-VOCAL,eye aperture:squint;eye brows:lowered;head pos: tilt side:slightly left;head pos: turn:slightly right
1078832,18953718,2687,fs-VOCAL,eye aperture:squint;eye brows:lowered;head pos: tilt side:slightly left;head pos: turn:slightly right
1078832,18953718,2688,,eye aperture:squint;eye brows:lowered;head pos: tilt side:slightly left;head pos: turn:slightly right
1078832,18953718,2689,,eye aperture:squint;eye brows:lowered;head pos: tilt side:slightly left;head pos: turn:slightly right
1078832,18953718,2690,,eye aperture:squint;eye brows:lowered;head pos: tilt side:slightly left;head pos: turn:slightly right
1078832,18953718,2691,,eye aperture:squint;eye brows:lowered;head pos: tilt side:slightly left;head pos: turn:slightly right
1078832,18953718,2692,,eye aperture:squint;eye brows:lowered;head pos: tilt side:slightly left;head pos: turn:slightly right
1078832,18953718,2693,,eye aperture:squint;eye brows:lowered;head pos: tilt side:slightly left;head pos: turn:slightly right
1078832,18953718,2694,,eye aperture:squint;eye brows:lowered;head pos: tilt side:slightly left;head pos: turn:slightly right
1078832,18953718,2695,,eye aperture:squint;eye brows:lowered;head pos: tilt side:slightly left;head pos: turn:slightly right
1078832,18953718,2696,,eye aperture:squint;eye brows:lowered;head pos: tilt side:slightly left;head pos: turn:slightly right
1078832,18953718,2697,,eye aperture:squint;eye brows:lowered;head pos: tilt side:slightly left;head pos: turn:slightly right
1078832,18953718,2698,,eye aperture:squint;eye brows:lowered;head pos: tilt side:slightly left;head pos: turn:slightly right
1078832,18953718,2699,,eye aperture:squint;eye brows:lowered;head pos: tilt side:slightly left;head pos: turn:slightly right
1078832,18953718,2700,,eye aperture:squint;eye brows:lowered;head pos: tilt side:slightly left;head pos: turn:slightly right
1078832,18953718,2701,fs-ORIENTATION,eye aperture:squint;eye brows:lowered;head pos: tilt side:slightly left;head pos: turn:slightly right
1078832,18953718,2702,fs-ORIENTATION,eye aperture:squint;eye brows:lowered;head pos: tilt side:slightly left;head pos: turn:slightly right
1078832,18953718,2703,fs-ORIENTATION,eye aperture:squint;eye brows:lowered;head pos: tilt side:slightly left;head pos: turn:slightly right
1078832,18953718,2704,fs-ORIENTATION,eye aperture:squint;eye brows:lowered;head pos: tilt side:slightly left;head pos: turn:slightly right
1078832,18953718,2705,fs-ORIENTATION,eye aperture:squint;eye brows:lowered;head pos: tilt side:slightly left;head pos: turn:slightly right
1078832,18953718,2706,fs-ORIENTATION,eye aperture:squint;eye brows:lowered;head pos: tilt side:slightly left;head pos: turn:slightly right
1078832,18953718,2707,,eye aperture:squint;eye brows:lowered;head pos: tilt side:slightly left;head pos: turn:slightly right
1078832,18953718,2708,,eye aperture:squint;eye brows:lowered;head pos: tilt side:slightly left;head pos: turn:slightly right
1078832,18953718,2709,,eye aperture:squint;eye brows:lowered;head pos: tilt side:slightly left;head pos: turn:slightly right
1078832,18953718,2710,,eye aperture:squint;eye brows:lowered;head pos: tilt side:slightly left;head pos: turn:slightly right
1078832,18953718,2711,,eye aperture:squint;eye brows:lowered;head pos: tilt side:slightly left;head pos: turn:slightly right
1078832,18953718,2712,,eye aperture:squint;eye brows:lowered;head pos: tilt side:slightly left;head pos: turn:slightly right
1078832,18953718,2713,,eye aperture:squint;eye brows:lowered;head pos: tilt side:slightly left;head pos: turn:slightly right
1078832,18953718,2714,,eye aperture:squint;eye brows:lowered;head pos: tilt side:slightly left;head pos: turn:slightly right
1078832,18953718,2715,MAJOR,eye aperture:squint;eye brows:lowered;head pos: tilt side:slightly left;head pos: turn:slightly right
1078832,18953718,2716,MAJOR,eye aperture:squint;eye brows:lowered;head pos: tilt side:slightly left;head pos: turn:slightly right
1078832,18953718,2717,MAJOR,eye aperture:squint;eye brows:lowered;head pos: tilt side:slightly left;head pos: turn:slightly right
1078832,18953718,2718,MAJOR,eye aperture:squint;eye brows:lowered;head pos: tilt side:slightly left;head pos: turn:slightly right
1078832,18953718,2719,MAJOR,eye aperture:squint;eye brows:lowered;head pos: tilt side:slightly left;head pos: turn:slightly right
1078832,18953718,2720,MAJOR,eye aperture:squint;eye brows:lowered;head pos: tilt side:slightly left;head pos: turn:slightly right
1078832,18953718,2721,MAJOR,eye aperture:squint;eye brows:lowered;head pos: tilt side:slightly left;head pos: turn:slightly right
1078832,18953718,2722,MAJOR,eye aperture:squint;eye brows:lowered;head pos: tilt side:slightly left;head pos: turn:slightly right
1078832,18953718,2723,MAJOR,eye aperture:squint;eye brows:lowered;head pos: tilt side:slightly left;head pos: turn:slightly right
1078832,18953718,2724,,eye aperture:squint;eye brows:lowered;head pos: tilt side:slightly left;head pos: turn:slightly right
1078832,18953718,2725,,eye aperture:further lowered;eye brows:lowered;head pos: tilt side:slightly left;head pos: turn:slightly right
1078832,18953718,2726,,eye aperture:further lowered;eye brows:lowered;head pos: tilt side:slightly left;head pos: turn:slightly right
1078832,18953718,2727,,eye aperture:further lowered;eye brows:lowered;head pos: tilt side:slightly left
1078832,18953718,2728,,eye aperture:further lowered;eye brows:lowered;head pos: tilt side:slightly left
1078832,18953718,2729,,eye aperture:further lowered;eye brows:lowered;head pos: tilt side:slightly left
1078832,18953718,2730,,eye aperture:further lowered;eye brows:lowered;head pos: tilt side:slightly left
1078832,18953718,2731,,eye aperture:further lowered;eye brows:lowered;head pos: tilt side:slightly left
1078832,18953718,2732,,eye aperture:further lowered;eye brows:lowered;head pos: tilt side:slightly left
1078832,18953718,2733,,eye aperture:further lowered;eye brows:lowered;head pos: tilt side:slightly left
1078832,18953718,2734,,eye aperture:further lowered;eye brows:lowered;head pos: tilt side:slightly left
1078832,18953718,2735,,eye aperture:further lowered;eye brows:lowered;head pos: tilt side:slightly left
1078832,18953718,2736,,eye aperture:further lowered;eye brows:lowered;head pos: tilt side:slightly left
1078832,18953718,2737,,eye aperture:further lowered;eye brows:lowered;head pos: tilt side:slightly left
1078832,18953718,2738,,eye aperture:further lowered;eye brows:lowered;head pos: tilt side:slightly left
1078832,18953718,2739,,eye aperture:further lowered;eye brows:lowered;head pos: tilt side:slightly left
1078832,18953718,2740,,eye aperture:further lowered;eye brows:lowered;head pos: tilt side:slightly left
1078832,18953718,2741,,eye aperture:further lowered;eye brows:lowered;head pos: tilt side:slightly left
1078832,18953718,2742,,eye aperture:further lowered;eye brows:lowered;head pos: tilt side:slightly left
1078832,18953718,2743,,eye aperture:further lowered;eye brows:lowered;head pos: tilt side:slightly left
1078832,18953718,2744,SET-UP,eye aperture:further lowered;eye brows:lowered;head pos: tilt side:slightly left
1078832,18953718,2745,SET-UP,eye aperture:further lowered;eye brows:lowered;head pos: tilt side:slightly left
1078832,18953718,2746,SET-UP,eye aperture:further lowered;eye brows:lowered;head pos: tilt side:slightly left
1078832,18953718,2747,SET-UP,eye aperture:further lowered;eye brows:lowered;head pos: tilt side:slightly left
1078832,18953718,2748,SET-UP,eye aperture:further lowered;eye brows:lowered;head pos: tilt side:slightly left
1078832,18953718,2749,,eye aperture:further lowered;eye brows:lowered;head pos: tilt side:slightly left
1078832,18953718,2750,,eye aperture:further lowered;eye brows:lowered
1078832,18953718,2751,,eye aperture:further lowered;eye brows:lowered
1078832,18953718,2752,ON,eye aperture:further lowered;eye brows:lowered
1078832,18953718,2753,ON,eye aperture:further lowered;eye brows:lowered
1078832,18953718,2754,ON,eye aperture:further lowered;eye brows:lowered
1078832,18953718,2755,ON,eye aperture:further lowered;eye brows:lowered;wh question:whq
1078832,18953718,2756,,eye brows:lowered;wh question:whq
1078832,18953718,2757,,eye aperture:blink;eye brows:lowered;wh question:whq
1078832,18953718,2758,,eye aperture:blink;eye brows:lowered;wh question:whq
1078832,18953718,2759,,eye aperture:blink;eye brows:lowered;wh question:whq
1078832,18953718,2760,WHAT,eye aperture:lowered lid;eye brows:lowered;wh question:whq
1078832,18953718,2761,WHAT,eye aperture:lowered lid;eye brows:lowered;wh question:whq
1078832,18953718,2762,,eye aperture:lowered lid;eye brows:lowered;wh question:whq
1078832,18953718,2763,,eye aperture:lowered lid;eye brows:lowered;wh question:whq
1078832,18953718,2764,,eye aperture:lowered lid;eye brows:lowered;wh question:whq
1078832,18953718,2765,,eye aperture:lowered lid;eye brows:lowered;wh question:whq
1078832,18953718,2766,,eye aperture:lowered lid;eye brows:lowered;wh question:whq
1078832,18953718,2767,,eye aperture:lowered lid;wh question:whq
1078832,18953718,2768,,eye aperture:lowered lid;wh question:whq
1078832,18953718,2769,,eye aperture:lowered lid;wh question:whq
1078832,18953718,2770,,eye aperture:lowered lid;wh question:whq
1078832,18953718,2771,HOW,eye aperture:lowered lid;wh question:whq
1078832,18953718,2772,HOW,eye aperture:lowered lid;wh question:whq
1078832,18953718,2773,HOW,eye aperture:lowered lid;wh question:whq
1078832,18953718,2774,HOW,eye aperture:lowered lid;wh question:whq
1078832,18953718,2775,HOW,eye aperture:lowered lid;wh question:whq
1078832,18953718,2776,HOW,wh question:whq
1078832,18953718,2777,,wh question:whq
1078832,18953718,2778,,wh question:whq
1078832,18953718,2779,,wh question:whq
1078832,18953718,2780,,wh question:whq
1078832,18953718,2781,,wh question:whq
1078832,18953718,2782,,wh question:whq
1078832,18953718,2783,,eye aperture:squint;wh question:whq
1078832,18953718,2784,,eye aperture:squint;wh question:whq
1078832,18953718,2785,,eye aperture:squint;eye brows:slightly raised;wh question:whq
1078832,18953718,2786,,eye aperture:squint;eye brows:slightly raised;wh question:whq
1078832,18953718,2787,,eye aperture:squint;eye brows:slightly raised;wh question:whq
1078832,18953718,2788,,eye aperture:squint;eye brows:slightly raised;wh question:whq
1078832,18953718,2789,,eye aperture:squint;eye brows:slightly raised;wh question:whq
1078832,18953718,2790,SPECIFIC,eye aperture:squint;eye brows:slightly raised;wh question:whq
1078832,18953718,2791,SPECIFIC,eye aperture:squint;eye brows:slightly raised;wh question:whq
1078832,18953718,2792,SPECIFIC,eye aperture:squint;eye brows:slightly raised;wh question:whq
1078832,18953718,2793,SPECIFIC,eye aperture:squint;eye brows:slightly raised;wh question:whq
1078832,18953718,2794,SPECIFIC,eye aperture:squint;eye brows:slightly raised;wh question:whq
1078832,18953718,2795,SPECIFIC,eye aperture:squint;eye brows:slightly raised;wh question:whq
1078832,18953718,2796,SPECIFIC,eye aperture:squint;eye brows:slightly raised;wh question:whq
1078832,18953718,2797,SPECIFIC,eye aperture:squint;eye brows:slightly raised;wh question:whq
1078832,18953718,2798,SPECIFIC,eye aperture:squint;eye brows:slightly raised;wh question:whq
1078832,18953718,2799,,eye aperture:squint;eye brows:slightly raised;wh question:whq
1078832,18953718,2800,,eye aperture:squint;eye brows:slightly raised;wh question:whq
1078832,18953718,2801,,eye aperture:squint;eye brows:slightly raised;wh question:whq
1078832,18953718,2802,,eye aperture:squint;eye brows:slightly raised;head pos: tilt side:slightly left;wh question:whq
1078832,18953718,2803,,eye aperture:squint;eye brows:slightly raised;head pos: tilt side:slightly left;wh question:whq
1078832,18953718,2804,,eye aperture:squint;eye brows:slightly raised;head pos: tilt side:slightly left;wh question:whq
1078832,18953718,2805,,eye aperture:squint;eye brows:slightly raised;head pos: tilt side:slightly left;wh question:whq
1078832,18953718,2806,,eye aperture:squint;eye brows:slightly raised;head pos: tilt side:slightly left;wh question:whq
1078832,18953718,2807,CULTURE,eye aperture:squint;eye brows:slightly raised;head pos: tilt side:slightly left;wh question:whq
1078832,18953718,2808,CULTURE,eye aperture:squint;eye brows:slightly raised;head pos: tilt side:slightly left;wh question:whq
1078832,18953718,2809,CULTURE,eye aperture:squint;head pos: tilt side:slightly left;wh question:whq
1078832,18953718,2810,CULTURE,eye aperture:squint;head pos: tilt side:slightly left;wh question:whq
1078832,18953718,2811,CULTURE,eye aperture:squint;head pos: tilt side:slightly left;wh question:whq
1078832,18953718,2812,CULTURE,eye aperture:squint;head pos: tilt side:slightly left;wh question:whq
1078832,18953718,2813,CULTURE,eye aperture:squint;head pos: tilt side:slightly left;wh question:whq
1078832,18953718,2814,CULTURE,eye aperture:squint;head pos: tilt side:slightly left;wh question:whq
1078832,18953718,2815,,eye aperture:squint;head pos: tilt side:slightly left;wh question:whq
1078832,18953718,2816,,eye aperture:squint;head pos: tilt side:slightly left;wh question:whq
1078832,18953718,2817,,eye aperture:squint;head pos: tilt side:slightly left;wh question:whq
1078832,18953718,2818,,eye aperture:squint;wh question:whq
1078832,18953718,2819,,eye aperture:squint;wh question:whq
1078832,18953718,2820,,eye aperture:squint;wh question:whq
1078832,18953718,2821,,eye aperture:squint;wh question:whq
1078832,18953718,2822,,eye aperture:squint;wh question:whq
1078832,18953718,2823,,eye aperture:slightly squinted;wh question:whq
1078832,18953718,2824,,eye aperture:slightly squinted;wh question:whq
1078832,18953718,2825,,eye aperture:slightly squinted;wh question:whq
1078832,18953718,2826,,eye aperture:slightly squinted;wh question:whq
1078832,18953718,2827,,eye aperture:slightly squinted;wh question:whq
1078832,18953718,2828,,eye aperture:slightly squinted;wh question:whq
1078832,18953718,2829,,eye aperture:slightly squinted;wh question:whq
1078832,18953718,2830,5resignation,eye aperture:slightly squinted;wh question:whq
1078832,18953718,2831,5resignation,eye aperture:slightly squinted;wh question:whq
1078832,18953718,2832,5resignation,eye aperture:slightly squinted;wh question:whq
1078832,18953718,2833,5resignation,eye aperture:slightly squinted;wh question:whq
1078832,18953718,2834,5resignation,eye aperture:slightly squinted;wh question:whq
1078832,18953718,2835,,eye aperture:slightly squinted;wh question:whq
1078832,19052702,2840,,eye aperture:wide;eye gaze:left
1078832,19052702,2841,,eye aperture:wide;eye gaze:left
1078832,19052702,2842,MOST,eye aperture:wide;eye gaze:left
1078832,19052702,2843,MOST,eye aperture:wide;eye brows:raised;eye gaze:left
1078832,19052702,2844,MOST,eye aperture:wide;eye brows:raised;eye gaze:left
1078832,19052702,2845,MOST,eye aperture:wide;eye brows:raised;eye gaze:left
1078832,19052702,2846,MOST,eye aperture:wide;eye brows:raised;eye gaze:left
1078832,19052702,2847,MOST,eye aperture:wide;eye brows:raised;eye gaze:left
1078832,19052702,2848,MOST,eye aperture:wide;eye brows:raised;eye gaze:left
1078832,19052702,2849,,eye aperture:wide;eye brows:raised;eye gaze:left
1078832,19052702,2850,,eye aperture:wide;eye brows:raised
1078832,19052702,2851,,eye aperture:wide
1078832,19052702,2852,,eye aperture:wide
1078832,19052702,2854,,head pos: turn:right
1078832,19052702,2855,,eye gaze:left;head pos: turn:right
1078832,19052702,2856,,eye gaze:left;head pos: turn:right
1078832,19052702,2857,,eye gaze:left;head pos: tilt side:slightly left;head pos: turn:right
1078832,19052702,2858,FOCUS/NARROW,eye aperture:wide;eye gaze:left;head pos: tilt side:slightly left;head pos: turn:right
1078832,19052702,2859,FOCUS/NARROW,eye aperture:wide;eye gaze:left;head pos: tilt side:slightly left;head pos: turn:right
1078832,19052702,2860,FOCUS/NARROW,eye aperture:wide;eye gaze:left;head pos: tilt side:slightly left;head pos: turn:right
1078832,19052702,2861,FOCUS/NARROW,eye aperture:wide;head pos: tilt side:slightly left;head pos: turn:right
1078832,19052702,2862,,eye aperture:wide;head pos: tilt side:slightly left;head pos: turn:right
1078832,19052702,2863,,eye aperture:wide;head pos: turn:right
1078832,19052702,2864,,eye aperture:wide;head pos: turn:right
1078832,19052702,2865,,eye aperture:wide;head pos: turn:right
1078832,19052702,2866,ns-AMERICA,eye aperture:wide;head pos: turn:right
1078832,19052702,2867,ns-AMERICA,eye aperture:wide;head pos: turn:right
1078832,19052702,2868,ns-AMERICA,eye aperture:wide;head pos: turn:right
1078832,19052702,2869,ns-AMERICA,head pos: turn:right
1078832,19052702,2870,ns-AMERICA,head pos: turn:right
1078832,19052702,2871,ns-AMERICA,head pos: turn:right
1078832,19052702,2872,ns-AMERICA,head pos: turn:right
1078832,19052702,2873,ns-AMERICA,head pos: turn:right
1078832,19052702,2874,ns-AMERICA,head pos: turn:right
1078832,19052702,2875,ns-AMERICA,head pos: turn:right
1078832,19052702,2876,ns-AMERICA,head pos: turn:right
1078832,19052702,2877,ns-AMERICA,head pos: turn:right
1078832,19052702,2878,,head pos: turn:right
1078832,19052702,2879,,head pos: turn:right
1078832,19052702,2880,,head pos: turn:right
1078832,19052702,2881,,head pos: turn:right
1078832,19052702,2882,,head pos: turn:right
1078832,19052702,2883,CULTURE,head pos: turn:right
1078832,19052702,2884,CULTURE,head pos: turn:right
1078832,19052702,2885,CULTURE,head pos: turn:right
1078832,19052702,2886,CULTURE,head pos: turn:right
1078832,19052702,2887,CULTURE,head pos: turn:right
1078832,19052702,2888,CULTURE,head pos: turn:right
1078832,19052702,2889,,head pos: turn:right
1078832,19052702,2890,,head pos: turn:right
1078832,19052702,2891,,head pos: turn:right
1078832,19052702,2892,,head pos: turn:right
1078832,19052702,2893,,head pos: turn:right
1078832,19052702,2896,,eye gaze:left
1078832,19052702,2897,,eye gaze:left
1078832,19052702,2898,,eye gaze:left
1078832,19052702,2899,,eye aperture:lowered lid;eye gaze:left
1078832,19052702,2900,,eye aperture:lowered lid;eye brows:lowered;eye gaze:left
1078832,19052702,2901,,eye aperture:lowered lid;eye brows:lowered;eye gaze:left;head pos: turn:slightly left
1078832,19052702,2902,,eye aperture:lowered lid;eye brows:lowered;eye gaze:left;head pos: turn:slightly left
1078832,19052702,2903,,eye aperture:lowered lid;eye brows:lowered;eye gaze:left;head pos: turn:slightly left
1078832,19052702,2904,,eye aperture:lowered lid;eye brows:lowered;eye gaze:left;head pos: turn:slightly left
1078832,19052702,2905,,eye aperture:lowered lid;eye brows:lowered;eye gaze:left;head pos: turn:slightly left
1078832,19052702,2906,,eye aperture:lowered lid;eye brows:lowered;eye gaze:left;head pos: turn:slightly left
1078832,19052702,2907,,eye aperture:lowered lid;eye brows:lowered;eye gaze:left;head pos: turn:slightly left
1078832,19052702,2908,,eye aperture:lowered lid;eye brows:lowered;eye gaze:left
1078832,19052702,2909,,eye aperture:lowered lid;eye brows:lowered;eye gaze:left
1078832,19052702,2910,GIFT,eye aperture:lowered lid;eye brows:lowered;eye gaze:left
1078832,19052702,2911,GIFT,eye aperture:lowered lid;eye brows:lowered;eye gaze:left
1078832,19052702,2912,GIFT,eye aperture:lowered lid;eye brows:lowered
1078832,19052702,2913,GIFT,eye aperture:lowered lid;eye brows:lowered
1078832,19052702,2914,GIFT,eye aperture:lowered lid;eye brows:lowered
1078832,19052702,2915,,eye aperture:lowered lid;eye brows:lowered
1078832,19052702,2916,,eye aperture:lowered lid;eye brows:lowered
1078832,19052702,2917,,eye aperture:lowered lid;eye brows:lowered;head pos: turn:slightly right
1078832,19052702,2918,,eye aperture:lowered lid;eye brows:lowered;head pos: turn:slightly right
1078832,19052702,2919,,eye aperture:lowered lid;eye brows:lowered;head pos: turn:slightly right
1078832,19052702,2920,,eye aperture:lowered lid;eye brows:lowered;head pos: turn:slightly right
1078832,19052702,2921,MEAN,eye aperture:lowered lid;eye brows:lowered;head pos: turn:slightly right
1078832,19052702,2922,MEAN,eye aperture:lowered lid;eye brows:lowered;head pos: turn:slightly right
1078832,19052702,2923,MEAN,eye aperture:lowered lid;eye brows:lowered;head pos: turn:slightly right
1078832,19052702,2924,MEAN,eye aperture:lowered lid;eye brows:lowered;head pos: turn:slightly right
1078832,19052702,2925,MEAN,eye aperture:lowered lid;eye brows:lowered;head pos: turn:slightly right
1078832,19052702,2926,MEAN,eye aperture:lowered lid;eye brows:lowered;head pos: turn:slightly right
1078832,19052702,2927,MEAN,eye aperture:lowered lid;eye brows:lowered;head pos: turn:slightly right
1078832,19052702,2928,MEAN,eye aperture:lowered lid;eye brows:lowered;head pos: turn:slightly right
1078832,19052702,2929,,eye aperture:lowered lid;eye brows:lowered;head pos: turn:slightly right
1078832,19052702,2930,,eye aperture:lowered lid;eye brows:lowered;head pos: turn:slightly right
1078832,19052702,2931,,eye aperture:lowered lid;eye brows:lowered;head pos: turn:slightly right
1078832,19052702,2932,,eye aperture:lowered lid;eye brows:lowered;head pos: turn:slightly right
1078832,19052702,2933,,eye aperture:lowered lid;eye brows:lowered;head pos: turn:slightly right
1078832,19052702,2934,,eye aperture:lowered lid;eye brows:lowered;head pos: turn:slightly right
1078832,19052702,2935,,eye aperture:lowered lid;eye brows:lowered;head pos: turn:slightly right
1078832,19052702,2936,,eye aperture:lowered lid;eye brows:lowered;head pos: turn:slightly right
1078832,19052702,2937,,eye aperture:lowered lid;eye brows:lowered;head pos: turn:slightly right
1078832,19052702,2938,,eye aperture:lowered lid;eye brows:lowered
1078832,19052702,2939,,eye aperture:lowered lid;eye brows:lowered
1078832,19052702,2940,,eye aperture:lowered lid;eye brows:lowered
1078832,19052702,2941,,eye aperture:lowered lid;eye brows:lowered
1078832,19052702,2942,,eye aperture:lowered lid;eye brows:lowered
1078832,19052702,2943,,eye aperture:lowered lid;eye brows:lowered
1078832,19052702,2944,,eye aperture:lowered lid;eye brows:lowered
1078832,19052702,2945,,eye aperture:lowered lid;eye brows:lowered
1078832,19052702,2946,,eye aperture:lowered lid;eye brows:lowered
1078832,19052702,2947,,eye aperture:lowered lid;eye brows:lowered
1078832,19052702,2948,,eye aperture:lowered lid;eye brows:lowered
1078832,19052702,2949,,eye aperture:lowered lid;eye brows:lowered
1078832,19052702,2950,INTERPRET,eye aperture:lowered lid;eye brows:lowered
1078832,19052702,2951,INTERPRET,eye aperture:lowered lid
1078832,19052702,2952,INTERPRET,eye aperture:lowered lid
1078832,19052702,2953,INTERPRET,eye aperture:lowered lid
1078832,19052702,2954,INTERPRET,eye aperture:lowered lid
1078832,19052702,2955,INTERPRET,eye aperture:lowered lid
1078832,19052702,2956,INTERPRET,eye aperture:lowered lid;head pos: turn:slightly right
1078832,19052702,2957,INTERPRET,eye aperture:lowered lid;head pos: turn:slightly right
1078832,19052702,2958,,eye aperture:lowered lid;head pos: turn:slightly right
1078832,19052702,2959,,eye aperture:lowered lid;head pos: turn:slightly right
1078832,19052702,2960,,eye aperture:lowered lid;head pos: turn:slightly right
1078832,19052702,2961,,eye aperture:lowered lid;head pos: turn:slightly right
1078832,19052702,2962,,eye aperture:lowered lid;head pos: turn:slightly right
1078832,19052702,2963,,eye aperture:lowered lid;head pos: turn:slightly right
1078832,19052702,2964,,eye aperture:lowered lid;head pos: turn:slightly right
1078832,19052702,2965,,eye aperture:lowered lid;head pos: turn:slightly right
1078832,19052702,2966,,eye aperture:lowered lid;head pos: turn:slightly right
1078832,19052702,2967,,eye aperture:lowered lid;head pos: turn:slightly right
1078832,19052702,2968,TO/UNTIL,eye aperture:lowered lid;head pos: turn:slightly right
1078832,19052702,2969,TO/UNTIL,eye aperture:lowered lid;head pos: turn:slightly right
1078832,19052702,2970,,eye aperture:lowered lid;head pos: turn:slightly right
1078832,19052702,2971,,eye aperture:lowered lid;head pos: turn:slightly right
1078832,19052702,2972,,eye aperture:lowered lid;head pos: turn:slightly right
1078832,19052702,2973,,eye aperture:lowered lid;head pos: turn:slightly right
1078832,19052702,2974,,eye aperture:lowered lid;head pos: turn:slightly right
1078832,19052702,2975,DIFFERENT-arc,eye aperture:lowered lid;head pos: turn:slightly right
1078832,19052702,2976,DIFFERENT-arc,eye aperture:lowered lid;head pos: turn:slightly right
1078832,19052702,2977,DIFFERENT-arc,eye aperture:lowered lid;head pos: turn:slightly right
1078832,19052702,2978,DIFFERENT-arc,eye aperture:lowered lid;head pos: turn:slightly right
1078832,19052702,2979,DIFFERENT-arc,eye aperture:lowered lid;head pos: turn:slightly right
1078832,19052702,2980,DIFFERENT-arc,eye aperture:lowered lid;head pos: turn:slightly right
1078832,19052702,2981,DIFFERENT-arc,eye aperture:lowered lid;head pos: turn:slightly right
1078832,19052702,2982,DIFFERENT-arc,eye aperture:lowered lid;head pos: turn:slightly right
1078832,19052702,2983,DIFFERENT-arc,eye aperture:lowered lid;head pos: turn:slightly right
1078832,19052702,2984,DIFFERENT-arc,eye aperture:lowered lid
1078832,19052702,2985,DIFFERENT-arc,eye aperture:lowered lid
1078832,19052702,2986,DIFFERENT-arc,eye aperture:lowered lid
1078832,19052702,2987,,eye aperture:lowered lid
1078832,19052702,2988,,eye aperture:lowered lid
1078832,19052702,2989,,eye aperture:lowered lid
1078832,19052702,2994,NOISE,
1078832,19052702,2995,NOISE,
1078832,19052702,2996,NOISE,
1078832,19052702,2997,NOISE,
1078832,19052702,2998,NOISE,
1078832,19052702,3011,,eye brows:raised
1078832,19052702,3012,,eye brows:raised
1078832,19052702,3013,,eye brows:raised
1078832,19052702,3014,,eye brows:raised
1078832,19052702,3015,VOICE,eye brows:raised;topic/focus:focus
1078832,19052702,3016,VOICE,eye brows:raised;topic/focus:focus
1078832,19052702,3017,VOICE,eye brows:raised;topic/focus:focus
1078832,19052702,3018,VOICE,eye brows:raised;topic/focus:focus
1078832,19052702,3019,VOICE,eye brows:raised;topic/focus:focus
1078832,19052702,3020,VOICE,eye brows:raised;topic/focus:focus
1078832,19052702,3021,VOICE,topic/focus:focus
1078832,19052702,3022,VOICE,topic/focus:focus
1078832,19052702,3023,VOICE,topic/focus:focus
1078832,19052702,3024,VOICE,topic/focus:focus
1078832,19052702,3025,VOICE,topic/focus:focus
1078832,19052702,3026,VOICE,topic/focus:focus
1078832,19052702,3027,VOICE,topic/focus:focus
1078832,19052702,3028,VOICE,topic/focus:focus
1078832,19052702,3029,VOICE,topic/focus:focus
1078832,19052702,3030,VOICE,topic/focus:focus
1078832,19052702,3031,VOICE,topic/focus:focus
1078832,19052702,3032,VOICE,topic/focus:focus
1078832,19160824,3052,,eye aperture:blink
1078832,19160824,3053,,eye aperture:blink
1078832,19160824,3055,,eye gaze:left
1078832,19160824,3056,,eye gaze:left
1078832,19160824,3057,AND,eye gaze:left;topic/focus:topic
1078832,19160824,3058,AND,eye gaze:left;topic/focus:topic
1078832,19160824,3059,AND,eye gaze:left;topic/focus:topic
1078832,19160824,3060,AND,eye gaze:left;topic/focus:topic
1078832,19160824,3061,AND,eye brows:slightly raised;eye gaze:left;head pos: turn:slightly right;topic/focus:topic
1078832,19160824,3062,AND,eye brows:slightly raised;eye gaze:left;head pos: turn:slightly right;topic/focus:topic
1078832,19160824,3063,AND,eye brows:slightly raised;eye gaze:left;head pos: turn:slightly right;topic/focus:topic
1078832,19160824,3064,,eye brows:slightly raised;eye gaze:left;head pos: turn:slightly right;topic/focus:topic
1078832,19160824,3065,,eye brows:slightly raised;eye gaze:left;head pos: turn:slightly right;topic/focus:topic
1078832,19160824,3066,,eye brows:slightly raised;eye gaze:left;head pos: turn:slightly right;topic/focus:topic
1078832,19160824,3067,,eye brows:slightly raised;eye gaze:left;head pos: turn:slightly right;topic/focus:topic
1078832,19160824,3068,,eye brows:slightly raised;eye gaze:left;head pos: turn:slightly right;topic/focus:topic
1078832,19160824,3069,,eye brows:slightly raised;eye gaze:left;head pos: turn:slightly right;topic/focus:topic
1078832,19160824,3070,MORE,eye brows:slightly raised;eye gaze:left;head pos: turn:slightly right;topic/focus:topic
1078832,19160824,3071,MORE,eye brows:slightly raised;eye gaze:left;head pos: turn:slightly right;topic/focus:topic
1078832,19160824,3072,MORE,eye brows:slightly raised;eye gaze:left;head pos: turn:slightly right;topic/focus:topic
1078832,19160824,3073,MORE,eye brows:slightly raised;eye gaze:left;head pos: turn:slightly right;topic/focus:topic
1078832,19160824,3074,,eye brows:slightly raised;eye gaze:left;head pos: turn:slightly right;topic/focus:topic
1078832,19160824,3075,,eye aperture:wide;eye brows:slightly raised;eye gaze:left;head pos: turn:slightly right;topic/focus:topic
1078832,19160824,3076,,eye aperture:wide;eye brows:slightly raised;head pos: turn:slightly right;topic/focus:topic
1078832,19160824,3077,,eye aperture:wide;eye brows:slightly raised;head pos: turn:slightly right;topic/focus:topic
1078832,19160824,3078,COOPERATE/UNITE,eye aperture:wide;eye brows:slightly raised;topic/focus:topic
1078832,19160824,3079,COOPERATE/UNITE,eye aperture:wide;eye brows:slightly raised;topic/focus:topic
1078832,19160824,3080,COOPERATE/UNITE,eye aperture:wide;eye brows:slightly raised;topic/focus:topic
1078832,19160824,3081,COOPERATE/UNITE,eye aperture:wide;eye brows:slightly raised;topic/focus:topic
1078832,19160824,3082,COOPERATE/UNITE,eye aperture:wide;eye brows:slightly raised;topic/focus:topic
1078832,19160824,3083,COOPERATE/UNITE,eye aperture:wide;head pos: turn:right;topic/focus:topic
1078832,19160824,3084,COOPERATE/UNITE,eye aperture:wide;head pos: turn:right;topic/focus:topic
1078832,19160824,3085,COOPERATE/UNITE,eye aperture:wide;head pos: turn:right;topic/focus:topic
1078832,19160824,3086,COOPERATE/UNITE,head pos: turn:right;topic/focus:topic
1078832,19160824,3087,COOPERATE/UNITE,head pos: turn:right;topic/focus:topic
1078832,19160824,3088,COOPERATE/UNITE,head pos: turn:right;topic/focus:topic
1078832,19160824,3089,COOPERATE/UNITE,head pos: turn:right;topic/focus:topic
1078832,19160824,3090,COOPERATE/UNITE,head pos: turn:right;topic/focus:topic
1078832,19160824,3091,COOPERATE/UNITE,head pos: turn:right;topic/focus:topic
1078832,19160824,3092,COOPERATE/UNITE,head pos: turn:right;topic/focus:topic
1078832,19160824,3093,COOPERATE/UNITE,head pos: turn:right;topic/focus:topic
1078832,19160824,3094,COOPERATE/UNITE,head pos: turn:right;topic/focus:topic
1078832,19160824,3095,,head pos: turn:right;topic/focus:topic
1078832,19160824,3096,,eye aperture:squint;head pos: turn:right
1078832,19160824,3097,,eye aperture:squint;head pos: turn:right
1078832,19160824,3098,,eye aperture:squint;head pos: turn:right
1078832,19160824,3099,,eye aperture:squint;head pos: turn:right
1078832,19160824,3100,,eye aperture:squint;head pos: turn:right
1078832,19160824,3101,,eye aperture:squint;head pos: turn:right
1078832,19160824,3102,,eye aperture:squint;head pos: turn:right
1078832,19160824,3103,,eye aperture:squint;head pos: turn:right
1078832,19160824,3104,,eye aperture:squint;head pos: turn:right
1078832,19160824,3105,,eye aperture:squint;head pos: turn:right
1078832,19160824,3106,HOW,eye aperture:squint;head pos: turn:right;wh question:whq
1078832,19160824,3107,HOW,eye aperture:squint;head pos: turn:right;wh question:whq
1078832,19160824,3108,HOW,eye aperture:squint;head pos: turn:right;wh question:whq
1078832,19160824,3109,HOW,body lean:back;eye aperture:squint;head pos: turn:right;wh question:whq
1078832,19160824,3110,,body lean:back;eye aperture:squint;head pos: turn:right;wh question:whq
1078832,19160824,3111,,body lean:back;eye aperture:squint;head pos: turn:right;wh question:whq
1078832,19160824,3112,,body lean:back;eye aperture:squint;eye brows:lowered;head pos: turn:right;wh question:whq
1078832,19160824,3113,,body lean:back;eye aperture:squint;eye brows:lowered;head pos: turn:right;wh question:whq
1078832,19160824,3114,,body lean:back;eye aperture:squint;eye brows:lowered;head pos: turn:right;wh question:whq
1078832,19160824,3115,,body lean:back;eye aperture:squint;eye brows:lowered;head pos: turn:right;wh question:whq
1078832,19160824,3116,,body lean:back;eye aperture:squint;eye brows:lowered;head pos: turn:right;wh question:whq
1078832,19160824,3117,,body lean:back;eye aperture:squint;eye brows:lowered;head pos: turn:right;wh question:whq
1078832,19160824,3118,,body lean:back;eye aperture:squint;eye brows:lowered;head pos: turn:right;wh question:whq
1078832,19160824,3119,,body lean:back;eye aperture:squint;eye brows:lowered;head pos: turn:right;wh question:whq
1078832,19160824,3120,,body lean:back;eye aperture:squint;eye brows:lowered;head pos: turn:right;wh question:whq
1078832,19160824,3121,,body lean:back;eye aperture:squint;eye brows:lowered;head pos: turn:right;wh question:whq
1078832,19160824,3122,DEAF,body lean:back;eye aperture:squint;eye brows:lowered;eye gaze:other;head pos: turn:right;wh question:whq
1078832,19160824,3123,DEAF,body lean:back;eye aperture:squint;eye brows:lowered;eye gaze:other;head pos: turn:right;wh question:whq
1078832,19160824,3124,DEAF,body lean:back;eye aperture:squint;eye brows:lowered;eye gaze:other;head pos: turn:right;wh question:whq
1078832,19160824,3125,DEAF,body lean:back;eye aperture:squint;eye brows:lowered;eye gaze:other;head pos: turn:right;wh question:whq
1078832,19160824,3126,,body lean:back;eye aperture:squint;eye brows:lowered;eye gaze:other;head pos: turn:right;wh question:whq
1078832,19160824,3127,,body lean:back;eye aperture:squint;eye brows:lowered;eye gaze:other;head pos: turn:right;wh question:whq
1078832,19160824,3128,,body lean:back;eye aperture:squint;eye brows:lowered;eye gaze:other;head pos: turn:right;wh question:whq
1078832,19160824,3129,,body lean:back;eye aperture:squint;eye brows:lowered;eye gaze:other;head pos: turn:right;wh question:whq
1078832,19160824,3130,,body lean:back;eye aperture:squint;eye brows:lowered;eye gaze:other;head pos: turn:right;wh question:whq
1078832,19160824,3131,PEOPLE,body lean:back;eye aperture:squint;eye brows:lowered;eye gaze:other;head pos: turn:right;wh question:whq
1078832,19160824,3132,PEOPLE,body lean:back;eye aperture:squint;eye brows:lowered;eye gaze:other;head pos: turn:right;wh question:whq
1078832,19160824,3133,PEOPLE,body lean:back;eye aperture:squint;eye brows:lowered;eye gaze:other;head pos: turn:right;wh question:whq
1078832,19160824,3134,PEOPLE,body lean:back;eye aperture:squint;eye brows:lowered;head pos: turn:right;wh question:whq
1078832,19160824,3135,PEOPLE,body lean:back;eye aperture:squint;eye brows:lowered;head pos: turn:right;wh question:whq
1078832,19160824,3136,PEOPLE,body lean:back;eye aperture:squint;eye brows:lowered;head pos: turn:right;wh question:whq
1078832,19160824,3137,PEOPLE,body lean:back;eye aperture:squint;eye brows:lowered;head pos: turn:right;wh question:whq
1078832,19160824,3138,,body lean:back;eye aperture:squint;eye brows:lowered;head pos: turn:right;wh question:whq
1078832,19160824,3139,,body lean:back;eye aperture:squint;eye brows:lowered;head pos: turn:right;wh question:whq
1078832,19160824,3140,,body lean:back;eye aperture:squint;eye brows:lowered;head pos: turn:right;wh question:whq
1078832,19160824,3141,,body lean:back;eye aperture:slightly squinted;eye aperture:squint;eye brows:lowered;head pos: turn:right;wh question:whq
1078832,19160824,3142,,body lean:back;eye aperture:slightly squinted;eye brows:lowered;head pos: turn:right;wh question:whq
1078832,19160824,3143,,body lean:back;eye aperture:slightly squinted;eye brows:lowered;head pos: turn:right;wh question:whq
1078832,19160824,3144,,body lean:back;eye aperture:slightly squinted;eye brows:lowered;head pos: turn:right;wh question:whq
1078832,19160824,3145,POSS-3p-pl-arc,body lean:back;eye aperture:slightly squinted;eye brows:lowered;head pos: turn:right;wh question:whq
1078832,19160824,3146,POSS-3p-pl-arc,body lean:back;eye aperture:slightly squinted;eye brows:lowered;head pos: turn:right;wh question:whq
1078832,19160824,3147,POSS-3p-pl-arc,body lean:back;eye aperture:slightly squinted;eye brows:lowered;head pos: turn:right;wh question:whq
1078832,19160824,3148,POSS-3p-pl-arc,body lean:back;eye aperture:slightly squinted;eye brows:lowered;head pos: turn:right;wh question:whq
1078832,19160824,3149,,body lean:back;eye aperture:slightly squinted;eye brows:lowered;head pos: turn:right;wh question:whq
1078832,19160824,3150,,body lean:back;eye aperture:slightly squinted;eye brows:lowered;head pos: turn:right;wh question:whq
1078832,19160824,3151,,body lean:back;eye aperture:slightly squinted;eye brows:lowered;head pos: turn:right;wh question:whq
1078832,19160824,3152,EXPERIENCE,body lean:back;eye aperture:slightly squinted;eye brows:lowered;head pos: turn:right;wh question:whq
1078832,19160824,3153,EXPERIENCE,body lean:back;eye aperture:slightly squinted;eye brows:lowered;head pos: turn:right;wh question:whq
1078832,19160824,3154,EXPERIENCE,body lean:back;eye aperture:slightly squinted;eye brows:lowered;head pos: turn:right;wh question:whq
1078832,19160824,3155,EXPERIENCE,body lean:back;eye aperture:slightly squinted;eye brows:lowered;head pos: turn:right;wh question:whq
1078832,19160824,3156,EXPERIENCE,body lean:back;eye aperture:slightly squinted;eye brows:lowered;head pos: turn:right;wh question:whq
1078832,19160824,3157,EXPERIENCE,body lean:back;eye aperture:slightly squinted;eye brows:lowered;head pos: turn:right;wh question:whq
1078832,19160824,3158,EXPERIENCE,body lean:back;eye aperture:slightly squinted;eye brows:lowered;head pos: turn:right;wh question:whq
1078832,19160824,3159,EXPERIENCE,body lean:back;eye aperture:slightly squinted;eye brows:lowered;head pos: turn:right;wh question:whq
1078832,19160824,3160,EXPERIENCE,body lean:back;eye aperture:slightly squinted;eye brows:lowered;head pos: turn:right;wh question:whq
1078832,19160824,3161,EXPERIENCE,body lean:back;eye aperture:slightly squinted;eye brows:lowered;head pos: turn:right;wh question:whq
1078832,19160824,3162,,body lean:back;eye aperture:slightly squinted;eye brows:lowered;head pos: turn:right;wh question:whq
1078832,19160824,3163,,body lean:back;eye aperture:slightly squinted;eye brows:lowered;head pos: turn:right;wh question:whq
1078832,19160824,3164,,body lean:back;eye aperture:slightly squinted;eye brows:lowered;head pos: turn:right;wh question:whq
1078832,19160824,3165,,body lean:back;eye aperture:slightly squinted;eye brows:lowered;head pos: turn:right;wh question:whq
1078832,19160824,3166,,body lean:back;eye aperture:slightly squinted;eye brows:lowered;head pos: turn:right;wh question:whq
1078832,19160824,3167,,body lean:back;eye aperture:slightly squinted;eye brows:lowered;head pos: turn:right;wh question:whq
1078832,19160824,3168,IN,body lean:back;eye aperture:slightly squinted;eye brows:lowered;head pos: turn:right;wh question:whq
1078832,19160824,3169,IN,body lean:back;eye aperture:slightly squinted;eye brows:lowered;head pos: turn:right;wh question:whq
1078832,19160824,3170,IN,body lean:back;eye aperture:slightly squinted;eye brows:lowered;head pos: turn:right;wh question:whq
1078832,19160824,3171,IN,body lean:back;eye aperture:slightly squinted;eye brows:lowered;head pos: turn:right;wh question:whq
1078832,19160824,3172,IN,body lean:back;eye aperture:slightly squinted;eye brows:lowered;head pos: turn:right;wh question:whq
1078832,19160824,3173,IN,eye aperture:slightly squinted;eye brows:lowered;head pos: turn:right;wh question:whq
1078832,19160824,3174,IN,eye aperture:slightly squinted;eye brows:lowered;head pos: turn:right;wh question:whq
1078832,19160824,3175,,eye aperture:slightly squinted;eye brows:lowered;head pos: turn:right;wh question:whq
1078832,19160824,3176,,eye aperture:slightly squinted;eye brows:lowered;head pos: turn:right;wh question:whq
1078832,19160824,3177,,eye aperture:slightly squinted;eye brows:lowered;head pos: turn:right;wh question:whq
1078832,19160824,3178,,eye aperture:slightly squinted;eye brows:lowered;head pos: turn:right;wh question:whq
1078832,19160824,3179,,eye aperture:slightly squinted;eye brows:lowered;head pos: turn:right;wh question:whq
1078832,19160824,3180,THAT,eye aperture:slightly squinted;eye brows:lowered;head pos: turn:right;wh question:whq
1078832,19160824,3181,THAT,eye aperture:slightly squinted;eye brows:lowered;head pos: turn:right;wh question:whq
1078832,19160824,3182,THAT,eye aperture:slightly squinted;eye brows:lowered;head pos: turn:right;wh question:whq
1078832,19160824,3183,,eye aperture:slightly squinted;eye brows:lowered;head pos: turn:right;wh question:whq
1078832,19160824,3184,,eye aperture:slightly squinted;eye brows:lowered;head pos: turn:right;wh question:whq
1078832,19160824,3185,,eye aperture:slightly squinted;eye brows:lowered;head pos: turn:right;wh question:whq
1078832,19160824,3186,WORLD,eye aperture:slightly squinted;eye brows:lowered;head pos: turn:right;wh question:whq
1078832,19160824,3187,WORLD,eye aperture:slightly squinted;eye brows:lowered;head pos: turn:right;wh question:whq
1078832,19160824,3188,WORLD,eye aperture:slightly squinted;eye brows:lowered;head pos: turn:right;wh question:whq
1078832,19160824,3189,WORLD,eye aperture:slightly squinted;eye brows:lowered;head pos: turn:right;wh question:whq
1078832,19160824,3190,WORLD,eye aperture:slightly squinted;eye brows:lowered;head pos: turn:right;wh question:whq
1078832,19160824,3191,WORLD,eye aperture:slightly squinted;eye brows:lowered;head pos: turn:right;wh question:whq
1078832,19160824,3192,WORLD,eye aperture:slightly squinted;eye brows:lowered;head pos: turn:right;wh question:whq
1078832,19160824,3193,WORLD,eye aperture:slightly squinted;eye brows:lowered;head pos: turn:right;wh question:whq
1078832,19160824,3194,WORLD,eye aperture:slightly squinted;eye brows:lowered;head pos: turn:right;wh question:whq
1078832,19160824,3195,WORLD,eye aperture:slightly squinted;eye brows:lowered;head pos: turn:right;wh question:whq
1078832,19160824,3196,WORLD,eye aperture:slightly squinted;eye brows:lowered;head pos: turn:right;wh question:whq
1078832,19160824,3197,WORLD,eye aperture:slightly squinted;eye brows:lowered;head pos: turn:right;wh question:whq
1078832,19160824,3198,,eye aperture:slightly squinted;eye brows:lowered;head pos: turn:right;wh question:whq
1078832,19160824,3199,,eye aperture:slightly squinted;eye brows:lowered;head pos: turn:right;wh question:whq
1078832,19160824,3200,,eye aperture:slightly squinted;eye brows:lowered;head pos: turn:right;wh question:whq
1078832,19160824,3201,,eye aperture:slightly squinted;eye brows:lowered;head pos: turn:right
1078832,19160824,3202,,eye aperture:slightly squinted;eye brows:lowered;head pos: turn:right
1078832,19160824,3203,,head pos: turn:right
1078832,19172155,3204,,head pos: turn:right
1078832,19172155,3205,,head pos: turn:right
1078832,19172155,3206,,head pos: turn:right
1078832,19172155,3207,,head pos: turn:right
1078832,19172155,3208,,head pos: turn:right
1078832,19172155,3209,,head pos: turn:right;wh question:whq
1078832,19172155,3210,,head pos: turn:right;wh question:whq
1078832,19172155,3211,,head pos: turn:right;wh question:whq
1078832,19172155,3212,HOW,eye aperture:squint;head pos: turn:right;wh question:whq
1078832,19172155,3213,HOW,eye aperture:squint;head pos: turn:right;wh question:whq
1078832,19172155,3214,HOW,eye aperture:squint;head pos: turn:right;wh question:whq
1078832,19172155,3215,HOW,eye aperture:squint;head pos: turn:right;wh question:whq
1078832,19172155,3216,HOW,eye aperture:squint;head pos: turn:right;wh question:whq
1078832,19172155,3217,,eye aperture:squint;head pos: turn:right;wh question:whq
1078832,19172155,3218,,eye aperture:squint;eye gaze:left;head pos: turn:right;wh question:whq
1078832,19172155,3219,,eye aperture:squint;eye gaze:left;head mvmt: shake:slight rapid head shake;head pos: turn:right;wh question:whq
1078832,19172155,3220,,eye aperture:squint;eye gaze:left;head mvmt: shake:slight rapid head shake;head pos: turn:right;wh question:whq
1078832,19172155,3221,,eye aperture:squint;eye gaze:left;head mvmt: shake:slight rapid head shake;head pos: turn:right;wh question:whq
1078832,19172155,3222,,eye aperture:squint;eye gaze:left;head mvmt: shake:slight rapid head shake;head pos: turn:right;wh question:whq
1078832,19172155,3223,,eye aperture:squint;eye gaze:left;head mvmt: shake:slight rapid head shake;head pos: turn:right;wh question:whq
1078832,19172155,3224,WHAT,eye gaze:left;head mvmt: shake:slight rapid head shake;head pos: turn:right;wh question:whq
1078832,19172155,3225,WHAT,eye aperture:lowered lid;eye gaze:left;head mvmt: shake:slight rapid head shake;wh question:whq
1078832,19172155,3226,WHAT,eye aperture:lowered lid;eye gaze:left;head mvmt: shake:slight rapid head shake;wh question:whq
1078832,19172155,3227,WHAT,eye aperture:lowered lid;eye gaze:left;head mvmt: shake:slight rapid head shake;wh question:whq
1078832,19172155,3228,WHAT,eye aperture:lowered lid;eye gaze:left;head mvmt: shake:slight rapid head shake;wh question:whq
1078832,19172155,3229,WHAT,eye aperture:lowered lid;eye gaze:left;head mvmt: shake:slight rapid head shake;wh question:whq
1078832,19172155,3230,,eye gaze:left;head mvmt: shake:slight rapid head shake;wh question:whq
1078832,19172155,3231,,eye gaze:left;head mvmt: shake:slight rapid head shake;wh question:whq
1078832,19172155,3232,,eye gaze:left;head mvmt: shake:slight rapid head shake;wh question:whq
1078832,19172155,3233,,eye gaze:left;head mvmt: shake:slight rapid head shake;wh question:whq
1078832,19172155,3234,,eye gaze:left;head mvmt: shake:slight rapid head shake;wh question:whq
1078832,19172155,3235,,eye gaze:left;head mvmt: shake:slight rapid head shake;wh question:whq
1078832,19172155,3236,,eye aperture:blink;eye gaze:left;head mvmt: shake:slight rapid head shake;wh question:whq
1078832,19172155,3237,,eye aperture:blink;eye gaze:left;head mvmt: shake:slight rapid head shake;wh question:whq
1078832,19172155,3238,,eye gaze:left;head mvmt: shake:slight rapid head shake;wh question:whq
1078832,19172155,3239,THROUGH,eye gaze:left;head mvmt: shake:slight rapid head shake;topic/focus:focus;wh question:whq
1078832,19172155,3240,THROUGH,eye gaze:left;head mvmt: shake:slight rapid head shake;topic/focus:focus;wh question:whq
1078832,19172155,3241,THROUGH,eye aperture:blink;eye brows:slightly raised;eye gaze:left;head mvmt: shake:slight rapid head shake;topic/focus:focus;wh question:whq
1078832,19172155,3242,THROUGH,eye aperture:blink;eye brows:slightly raised;eye gaze:left;head mvmt: shake:slight rapid head shake;topic/focus:focus;wh question:whq
1078832,19172155,3243,THROUGH,eye brows:slightly raised;eye gaze:left;head mvmt: shake:slight rapid head shake;topic/focus:focus;wh question:whq
1078832,19172155,3244,THROUGH,eye brows:slightly raised;eye gaze:left;head mvmt: shake:slight rapid head shake;topic/focus:focus;wh question:whq
1078832,19172155,3245,THROUGH,eye brows:slightly raised;eye gaze:left;head mvmt: shake:slight rapid head shake;topic/focus:focus;wh question:whq
1078832,19172155,3246,THROUGH,eye brows:slightly raised;eye gaze:left;head mvmt: shake:slight rapid head shake;topic/focus:focus;wh question:whq
1078832,19172155,3247,THROUGH,eye aperture:blink;eye brows:slightly raised;eye gaze:left;topic/focus:focus;wh question:whq
1078832,19172155,3248,,eye aperture:blink;eye brows:slightly raised;eye gaze:left;wh question:whq
1078832,19172155,3249,,eye brows:slightly raised;eye gaze:left;wh question:whq
1078832,19172155,3250,,eye brows:slightly raised;eye gaze:left;wh question:whq
1078832,19172155,3251,,eye brows:slightly raised;eye gaze:left;wh question:whq
1078832,19172155,3252,,eye gaze:left;wh question:whq
1078832,19172155,3253,,eye gaze:left;wh question:whq
1078832,19172155,3254,,eye gaze:left;wh question:whq
1078832,19172155,3255,,eye gaze:left;wh question:whq
1078832,19172155,3256,,eye gaze:left;wh question:whq
1078832,19172155,3257,,eye gaze:left;head pos: tilt side:slightly right;wh question:whq
1078832,19172155,3258,,eye gaze:left;head pos: tilt side:slightly right;wh question:whq
1078832,19172155,3259,,eye gaze:left;head pos: tilt side:slightly right;head pos: turn:left;wh question:whq
1078832,19172155,3260,,eye gaze:left;head pos: tilt side:slightly right;head pos: turn:left;wh question:whq
1078832,19172155,3261,,eye gaze:left;head pos: tilt side:slightly right;head pos: turn:left;wh question:whq
1078832,19172155,3262,,eye gaze:left;head pos: tilt side:slightly right;head pos: turn:left;wh question:whq
1078832,19172155,3263,FEEDBACK_3,eye gaze:left;head pos: turn:left;wh question:whq
1078832,19172155,3264,FEEDBACK_3,eye gaze:left;wh question:whq
1078832,19172155,3265,FEEDBACK_3,eye aperture:blink;wh question:whq
1078832,19172155,3266,FEEDBACK_3,eye aperture:blink;wh question:whq
1078832,19172155,3267,FEEDBACK_3,wh question:whq
1078832,19172155,3268,FEEDBACK_3,wh question:whq
1078832,19172155,3269,FEEDBACK_3,wh question:whq
1078832,19172155,3270,FEEDBACK_3,wh question:whq
1078832,19172155,3271,FEEDBACK_3,wh question:whq
1078832,19172155,3272,FEEDBACK_3,wh question:whq
1078832,19172155,3273,FEEDBACK_3,wh question:whq
1078832,19172155,3274,,wh question:whq
1078832,19172155,3275,,wh question:whq
1078832,19172155,3276,,wh question:whq
1078832,19172155,3277,,wh question:whq
1078832,19172155,3278,,wh question:whq
1078832,19172155,3279,,wh question:whq
1078832,19172155,3280,,wh question:whq
1078832,19172155,3281,,wh question:whq
1078832,19172155,3282,,wh question:whq
1078832,19172155,3283,,wh question:whq
1078832,19172155,3284,,eye aperture:blink;wh question:whq
1078832,19172155,3285,,eye aperture:blink;wh question:whq
1078832,19172155,3286,,wh question:whq
1078832,19172155,3287,,wh question:whq
1078832,19172155,3288,,wh question:whq
1078832,19172155,3289,5let's see,head pos: turn:slightly left;wh question:whq
1078832,19172155,3290,5let's see,head pos: turn:slightly left;wh question:whq
1078832,19172155,3291,5let's see,head pos: turn:slightly left
1078832,19172155,3292,,head pos: turn:slightly left
1078832,19172155,3293,,head pos: turn:slightly left
1078832,19186446,3294,,eye gaze:left;head pos: turn:left
1078832,19186446,3295,,eye aperture:blink;eye gaze:left;head pos: turn:left
1078832,19186446,3296,,eye aperture:blink
1078832,19186446,3297,,eye aperture:squint
1078832,19186446,3298,,eye aperture:squint
1078832,19186446,3299,,eye aperture:squint
1078832,19186446,3300,,eye aperture:squint;head pos: turn:slightly right
1078832,19186446,3301,,eye aperture:squint;head pos: turn:slightly right
1078832,19186446,3302,DIFFERENT,eye aperture:squint;head pos: turn:slightly right
1078832,19186446,3303,DIFFERENT,eye aperture:squint;head pos: turn:slightly right
1078832,19186446,3304,DIFFERENT,eye aperture:squint;head pos: turn:slightly right
1078832,19186446,3305,DIFFERENT,eye aperture:squint;head pos: turn:slightly right
1078832,19186446,3306,DIFFERENT,eye aperture:squint;head pos: turn:slightly right
1078832,19186446,3307,DIFFERENT,eye aperture:squint
1078832,19186446,3313,EXPERIENCE,head pos: turn:left
1078832,19186446,3314,EXPERIENCE,head pos: turn:left
1078832,19186446,3315,EXPERIENCE,eye aperture:slightly wide;head pos: turn:left
1078832,19186446,3316,EXPERIENCE,eye aperture:slightly wide;head pos: turn:left
1078832,19186446,3317,EXPERIENCE,eye aperture:slightly wide;head pos: turn:left
1078832,19186446,3318,EXPERIENCE,eye aperture:slightly wide;eye gaze:left;head pos: turn:left
1078832,19186446,3319,EXPERIENCE,eye aperture:slightly wide;eye gaze:left;head pos: turn:left
1078832,19186446,3320,,eye aperture:slightly wide;eye gaze:left;head pos: turn:left
1078832,19186446,3321,,eye aperture:slightly wide;eye gaze:left;head pos: turn:left
1078832,19186446,3322,,eye gaze:left;head pos: turn:left
1078832,19186446,3323,,eye gaze:left;head pos: turn:left
1078832,19186446,3324,,head pos: turn:left
1078832,19186446,3325,(F)BELONG,eye aperture:lowered lid;head pos: turn:left
1078832,19186446,3326,(F)BELONG,eye aperture:lowered lid;head pos: turn:left
1078832,19186446,3327,(F)BELONG,head pos: tilt fr/bk:back;head pos: turn:left
1078832,19186446,3328,(F)BELONG,head pos: tilt fr/bk:back;head pos: turn:left
1078832,19186446,3329,,head pos: tilt fr/bk:back;head pos: turn:left
1078832,19186446,3330,,head pos: tilt fr/bk:back;head pos: turn:left
1078832,19186446,3331,WITH,head pos: tilt fr/bk:back;head pos: turn:left
1078832,19186446,3332,WITH,head pos: tilt fr/bk:back;head pos: turn:left
1078832,19186446,3333,WITH,head pos: tilt fr/bk:back;head pos: turn:left
1078832,19186446,3334,WITH,head pos: tilt fr/bk:back;head pos: turn:left
1078832,19186446,3335,,head pos: tilt fr/bk:back;head pos: turn:left
1078832,19186446,3336,,head pos: tilt fr/bk:back;head pos: turn:left
1078832,19186446,3337,,body lean:slightly back;head pos: tilt fr/bk:back;head pos: turn:left
1078832,19186446,3338,,body lean:slightly back;head pos: tilt fr/bk:back;head pos: turn:left
1078832,19186446,3339,,body lean:slightly back;eye aperture:blink;head pos: tilt fr/bk:back;head pos: turn:left
1078832,19186446,3340,,body lean:slightly back;eye aperture:blink;head pos: tilt fr/bk:back;head pos: turn:left
1078832,19186446,3341,,body lean:slightly back;head pos: tilt fr/bk:back;head pos: turn:left
1078832,19186446,3342,,body lean:slightly back;head pos: tilt fr/bk:back;head pos: turn:left
1078832,19186446,3343,,body lean:slightly back;eye aperture:slightly squinted;head pos: tilt fr/bk:back;head pos: turn:left
1078832,19186446,3344,,body lean:slightly back;eye aperture:slightly squinted;head pos: tilt fr/bk:back;head pos: turn:left
1078832,19186446,3345,,body lean:slightly back;eye aperture:slightly squinted;eye gaze:left;head pos: tilt fr/bk:back;head pos: turn:left
1078832,19186446,3346,,body lean:slightly back;eye aperture:slightly squinted;eye gaze:left;head pos: tilt fr/bk:back;head pos: turn:left
1078832,19186446,3347,,body lean:slightly back;eye aperture:slightly squinted;eye gaze:left
1078832,19186446,3348,MEAN,body lean:slightly back;eye aperture:slightly squinted
1078832,19186446,3349,MEAN,body lean:slightly back;eye aperture:slightly squinted
1078832,19186446,3350,MEAN,body lean:slightly back;eye aperture:slightly squinted
1078832,19186446,3351,MEAN,body lean:slightly back;eye aperture:slightly squinted
1078832,19186446,3352,MEAN,body lean:slightly back;eye aperture:slightly squinted
1078832,19186446,3353,MEAN,body lean:slightly back;eye aperture:slightly squinted;head pos: tilt fr/bk:slightly back
1078832,19186446,3354,MEAN,body lean:slightly back;eye aperture:slightly squinted;head pos: tilt fr/bk:slightly back
1078832,19186446,3355,,body lean:slightly back;eye aperture:slightly squinted;head pos: tilt fr/bk:slightly back
1078832,19186446,3356,,body lean:slightly back;eye aperture:slightly squinted;head pos: tilt fr/bk:slightly back
1078832,19186446,3357,,body lean:slightly back;eye aperture:slightly squinted;head pos: tilt fr/bk:slightly back
1078832,19186446,3358,,body lean:slightly back;eye aperture:slightly squinted;head pos: tilt fr/bk:slightly back
1078832,19186446,3359,,body lean:slightly back;head pos: tilt fr/bk:slightly back
1078832,19186446,3360,,body lean:slightly back;head pos: tilt fr/bk:slightly back
1078832,19186446,3361,,body lean:slightly back;eye aperture:blink;head pos: tilt fr/bk:slightly back
1078832,19186446,3362,,body lean:slightly back;eye aperture:blink;head pos: tilt fr/bk:slightly back
1078832,19186446,3363,,body lean:slightly back;head pos: tilt fr/bk:slightly back
1078832,19186446,3364,,body lean:slightly back;eye gaze:left;head pos: tilt fr/bk:slightly back
1078832,19186446,3365,,body lean:slightly back;eye gaze:left;head pos: tilt fr/bk:slightly back
1078832,19186446,3366,,body lean:slightly back;eye gaze:left;head pos: tilt fr/bk:slightly back;head pos: turn:right
1078832,19186446,3367,,body lean:slightly back;eye gaze:left;head pos: turn:right
1078832,19186446,3368,,body lean:slightly back;eye gaze:left;head pos: turn:right
1078832,19209761,3370,,eye gaze:up;head pos: tilt side:slightly left;head pos: turn:left
1078832,19209761,3371,UNDERSTAND,eye gaze:up;head pos: tilt side:slightly left;head pos: turn:left
1078832,19209761,3372,UNDERSTAND,eye gaze:up;head pos: tilt side:slightly left;head pos: turn:left
1078832,19209761,3373,UNDERSTAND,eye gaze:up;head pos: tilt side:slightly left;head pos: turn:left
1078832,19209761,3374,UNDERSTAND,eye gaze:up;head pos: tilt side:slightly left;head pos: turn:left
1078832,19209761,3375,UNDERSTAND,eye gaze:up;head pos: tilt side:slightly left;head pos: turn:left
1078832,19209761,3376,UNDERSTAND,eye gaze:up;head pos: tilt side:slightly left;head pos: turn:left
1078832,19209761,3377,UNDERSTAND,eye gaze:up;head pos: tilt side:slightly left;head pos: turn:left
1078832,19209761,3378,UNDERSTAND,eye gaze:up;head pos: tilt side:slightly left;head pos: turn:left
1078832,19209761,3379,,eye gaze:up;head pos: tilt side:slightly left;head pos: turn:left
1078832,19209761,3380,,eye gaze:up;head pos: tilt side:slightly left;head pos: turn:left
1078832,19209761,3381,,eye aperture:blink;head pos: tilt side:slightly left;head pos: turn:left
1078832,19209761,3382,,eye aperture:blink;head pos: tilt side:slightly left;head pos: turn:left
1078832,19209761,3383,,eye aperture:blink;head pos: tilt side:slightly left;head pos: turn:left
1078832,19209761,3384,LEARN,head pos: tilt side:slightly left;head pos: turn:left
1078832,19209761,3385,LEARN,eye gaze:left;head pos: tilt side:slightly left;head pos: turn:left
1078832,19209761,3386,LEARN,eye gaze:left;head pos: tilt side:slightly left;head pos: turn:left
1078832,19209761,3387,LEARN,eye gaze:left
1078832,19209761,3388,LEARN,eye gaze:left
1078832,19209761,3389,LEARN,
1078832,19209761,3390,LEARN,
1078832,19209761,3391,LEARN,
1078832,19209761,3392,LEARN,
1078832,19209761,3393,LEARN,
1078832,19209761,3394,LEARN,
1078832,19209761,3395,LEARN,
1078832,19209761,3396,LEARN,
1078832,19209761,3397,LEARN,head pos: turn:slightly right
1078832,19209761,3398,LEARN,head pos: turn:slightly right
1078832,19209761,3399,LEARN,head pos: turn:slightly right
1078832,19209761,3400,LEARN,head pos: turn:slightly right
1078832,19209761,3401,LEARN,head pos: turn:slightly right
1078832,19209761,3402,LEARN,head pos: turn:slightly right
1078832,19209761,3403,LEARN,head pos: turn:slightly right
1078832,19209761,3404,LEARN,head pos: turn:slightly right
1078832,19209761,3405,LEARN,head pos: turn:slightly right
1078832,19209761,3406,LEARN,head pos: turn:slightly right
1078832,19209761,3407,LEARN,head pos: turn:slightly right
1078832,19209761,3408,LEARN,head pos: turn:slightly right
1078832,19209761,3409,LEARN,head pos: turn:slightly right
1078832,19209761,3410,LEARN,head pos: turn:slightly right
1078832,19209761,3411,LEARN,head pos: turn:slightly right
1078832,19209761,3412,LEARN,head pos: turn:slightly right
1078832,19209761,3413,LEARN,head pos: turn:slightly right
1078832,19209761,3414,LEARN,
1078832,19209761,3415,,eye brows:further raised
1078832,19209761,3416,,eye brows:further raised
1078832,19209761,3417,,eye brows:further raised
1078832,19209761,3418,AND,eye brows:further raised;topic/focus:focus
1078832,19209761,3419,AND,eye brows:further raised;topic/focus:focus
1078832,19209761,3420,AND,eye brows:further raised;eye gaze:down/left;topic/focus:focus
1078832,19209761,3421,AND,eye brows:further raised;eye gaze:down/left;topic/focus:focus
1078832,19209761,3422,AND,eye brows:further raised;eye gaze:down/left;topic/focus:focus
1078832,19209761,3423,AND,eye brows:further raised;eye gaze:down/left;topic/focus:focus
1078832,19209761,3424,AND,eye brows:further raised;eye gaze:down/left;topic/focus:focus
1078832,19209761,3425,AND,eye brows:further raised;eye gaze:down/left;topic/focus:focus
1078832,19209761,3426,AND,eye brows:further raised;eye gaze:down/left;topic/focus:focus
1078832,19209761,3427,,eye brows:further raised;eye gaze:down/left;topic/focus:focus
1078832,19209761,3428,,eye brows:further raised;eye gaze:down/left;topic/focus:focus
1078832,19209761,3429,,eye brows:further raised;eye gaze:down/left;topic/focus:focus
1078832,19209761,3430,,eye brows:further raised;eye gaze:down/left;topic/focus:focus
1078832,19209761,3431,,eye brows:further raised;eye gaze:down/left;topic/focus:focus
1078832,19209761,3432,,eye brows:further raised;eye gaze:down/left;topic/focus:focus
1078832,19209761,3433,,eye aperture:wide;eye brows:further raised;eye gaze:down/left;topic/focus:focus
1078832,19209761,3434,USE,eye aperture:wide;eye brows:further raised;eye gaze:down/left;topic/focus:focus
1078832,19209761,3435,USE,eye aperture:wide;eye brows:further raised;eye gaze:down/left;topic/focus:focus
1078832,19209761,3436,USE,eye aperture:wide;eye brows:further raised;eye gaze:down/left;head pos: tilt side:right;topic/focus:focus
1078832,19209761,3437,USE,eye aperture:wide;eye brows:further raised;eye gaze:down/left;head pos: tilt side:right;topic/focus:focus
1078832,19209761,3438,USE,eye aperture:wide;eye brows:further raised;eye gaze:down/left;head pos: tilt side:right;topic/focus:focus
1078832,19209761,3439,USE,eye aperture:wide;eye brows:further raised;eye gaze:down/left;head pos: tilt side:right;topic/focus:focus
1078832,19209761,3440,USE,eye aperture:wide;eye brows:further raised;eye gaze:down/left;head pos: tilt side:right;topic/focus:focus
1078832,19209761,3441,USE,eye aperture:wide;eye brows:further raised;eye gaze:down/left;head pos: tilt side:right;topic/focus:focus
1078832,19209761,3442,USE,eye aperture:wide;eye brows:further raised;eye gaze:down/left;head pos: tilt side:right;topic/focus:focus
1078832,19209761,3443,USE,eye aperture:wide;eye brows:further raised;eye gaze:down/left;head pos: tilt side:right;topic/focus:focus
1078832,19209761,3444,USE,eye aperture:wide;eye brows:further raised;eye gaze:down/left;head pos: tilt side:right;topic/focus:focus
1078832,19209761,3445,USE,eye aperture:wide;eye brows:further raised;eye gaze:down/left;head pos: tilt side:right;topic/focus:focus
1078832,19209761,3446,USE,eye aperture:wide;eye brows:further raised;eye gaze:down/left;head pos: tilt side:right;topic/focus:focus
1078832,19209761,3447,USE,eye aperture:wide;eye brows:further raised;eye gaze:down/left;head pos: tilt side:right;topic/focus:focus
1078832,19209761,3448,USE,eye aperture:wide;eye brows:further raised;eye gaze:down/left;head pos: tilt side:right;topic/focus:focus
1078832,19209761,3449,USE,eye aperture:wide;eye brows:further raised;eye gaze:down/left;head pos: tilt side:right;topic/focus:focus
1078832,19209761,3450,USE,eye aperture:wide;eye brows:further raised;eye gaze:down/left;head pos: tilt side:right;topic/focus:focus
1078832,19209761,3451,USE,eye aperture:wide;eye brows:further raised;eye gaze:down/left;head pos: tilt side:right;topic/focus:focus
1078832,19209761,3452,,eye aperture:wide;eye brows:further raised;eye gaze:down/left;head pos: tilt side:right;topic/focus:focus
1078832,19209761,3453,,eye aperture:wide;eye brows:further raised;eye gaze:down/left;head pos: tilt side:right;topic/focus:focus
1078832,19209761,3454,,eye aperture:wide;eye brows:further raised;eye gaze:down/left;head pos: tilt side:right;topic/focus:focus
1078832,19209761,3455,,eye aperture:wide;eye brows:further raised;eye gaze:down/left;head pos: tilt side:right;topic/focus:focus
1078832,19209761,3456,THAT,eye aperture:wide;eye brows:further raised;eye gaze:down/left;head pos: tilt side:right;topic/focus:focus
1078832,19209761,3457,THAT,eye aperture:wide;eye brows:further raised;eye gaze:down/left;head pos: tilt side:right;topic/focus:focus
1078832,19209761,3458,THAT,eye aperture:wide;eye brows:further raised;eye gaze:down/left;head pos: tilt side:right;topic/focus:focus
1078832,19209761,3459,THAT,eye aperture:wide;eye brows:further raised;eye gaze:down/left;head pos: tilt side:right;topic/focus:focus
1078832,19209761,3460,THAT,eye aperture:wide;eye brows:further raised;eye gaze:down/left;head pos: tilt side:right;topic/focus:focus
1078832,19209761,3461,,eye aperture:wide;eye brows:further raised;eye gaze:down/left;head pos: tilt side:right;topic/focus:focus
1078832,19209761,3462,,eye aperture:wide;eye brows:further raised;eye gaze:down/left;head pos: tilt side:right;topic/focus:focus
1078832,19209761,3463,,eye aperture:wide;eye brows:further raised;eye gaze:down/left;head pos: tilt side:slightly right;topic/focus:focus
1078832,19209761,3464,,eye aperture:wide;eye brows:further raised;eye gaze:down/left;head pos: tilt side:slightly right;topic/focus:focus
1078832,19209761,3465,,eye aperture:wide;eye brows:further raised;eye gaze:down/left;head pos: tilt side:slightly right;topic/focus:focus
1078832,19209761,3466,,eye aperture:wide;eye brows:further raised;eye gaze:down/left;head pos: tilt side:slightly right;topic/focus:focus
1078832,19209761,3467,,eye aperture:wide;eye brows:further raised;eye gaze:down/left;head pos: tilt side:slightly right;topic/focus:focus
1078832,19209761,3468,,eye aperture:wide;eye brows:further raised;eye gaze:down/left;head pos: tilt side:slightly right;topic/focus:focus
1078832,19209761,3469,,eye aperture:wide;eye brows:further raised;eye gaze:down/left;head pos: tilt side:slightly right;topic/focus:focus
1078832,19209761,3470,,eye aperture:wide;eye brows:further raised;eye gaze:down/left;head pos: tilt side:slightly right;topic/focus:focus
1078832,19209761,3471,,eye aperture:wide;eye brows:further raised;eye gaze:down/left;head pos: tilt side:slightly right;topic/focus:focus
1078832,19209761,3472,,eye aperture:wide;eye brows:further raised;head pos: tilt side:slightly right;topic/focus:focus
1078832,19209761,3473,alt.UNDERSTAND,eye aperture:wide;eye brows:further raised;head pos: tilt side:slightly right;topic/focus:focus
1078832,19209761,3474,alt.UNDERSTAND,eye aperture:wide;eye brows:further raised;head pos: tilt side:slightly right;topic/focus:focus
1078832,19209761,3475,alt.UNDERSTAND,eye aperture:wide;eye brows:further raised;head pos: tilt side:slightly right;topic/focus:focus
1078832,19209761,3476,alt.UNDERSTAND,eye aperture:wide;eye brows:further raised;head pos: tilt side:slightly right;topic/focus:focus
1078832,19209761,3477,alt.UNDERSTAND,eye aperture:wide;eye brows:further raised;head pos: tilt side:slightly right;topic/focus:focus
1078832,19209761,3478,alt.UNDERSTAND,eye aperture:wide;eye brows:further raised;head pos: tilt side:slightly right;topic/focus:focus
1078832,19209761,3479,alt.UNDERSTAND,eye aperture:wide;eye brows:further raised;head pos: tilt side:slightly right;topic/focus:focus
1078832,19209761,3480,alt.UNDERSTAND,eye aperture:wide;eye brows:further raised;head pos: tilt side:slightly right;topic/focus:focus
1078832,19209761,3481,alt.UNDERSTAND,eye aperture:wide;eye brows:further raised;eye gaze:down/left;head pos: tilt side:slightly right;topic/focus:focus
1078832,19209761,3482,alt.UNDERSTAND,eye aperture:wide;eye brows:further raised;eye gaze:down/left;head pos: tilt side:slightly right;topic/focus:focus
1078832,19209761,3483,alt.UNDERSTAND,eye aperture:wide;eye brows:further raised;eye gaze:down/left;head pos: tilt side:slightly right;topic/focus:focus
1078832,19209761,3484,alt.UNDERSTAND,eye aperture:wide;eye brows:further raised;eye gaze:down/left;head pos: tilt side:slightly right;topic/focus:focus
1078832,19209761,3485,alt.UNDERSTAND,eye aperture:wide;eye brows:further raised;eye gaze:down/left;head pos: tilt side:slightly right;topic/focus:focus
1078832,19209761,3486,alt.UNDERSTAND,eye aperture:wide;eye gaze:down/left;head pos: tilt side:slightly right;topic/focus:focus
1078832,19209761,3487,,eye gaze:down/left;head pos: tilt side:slightly right
1078832,19209761,3488,,eye gaze:down/left
1078832,19209761,3489,,eye gaze:down/left
1078832,19209761,3492,IX-1p,
1078832,19209761,3499,USE,
1078832,19209761,3500,USE,
1078832,19209761,3501,USE,
1078832,19209761,3502,USE,head pos: tilt side:right
1078832,19209761,3503,,head pos: tilt side:right
1078832,19209761,3504,,head pos: tilt side:right;head pos: turn:slightly right
1078832,19209761,3505,,eye aperture:squint;head pos: tilt side:right;head pos: turn:slightly right
1078832,19209761,3506,MANY,eye aperture:squint;head pos: tilt side:right;head pos: turn:slightly right
1078832,19209761,3507,MANY,eye aperture:squint;head pos: tilt side:right;head pos: turn:slightly right
1078832,19209761,3508,MANY,eye aperture:squint;head pos: tilt side:right;head pos: turn:slightly right
1078832,19209761,3509,MANY,eye aperture:squint;head pos: tilt side:right;head pos: turn:slightly right
1078832,19209761,3510,MANY,eye aperture:squint;head pos: tilt side:right;head pos: turn:slightly right
1078832,19209761,3511,,eye aperture:squint;head pos: tilt side:right;head pos: turn:slightly right
1078832,19209761,3512,,eye aperture:squint;head pos: tilt side:right;head pos: turn:slightly right
1078832,19209761,3513,,eye aperture:squint;head pos: tilt side:right;head pos: turn:slightly right
1078832,19209761,3514,,eye aperture:squint;head pos: tilt side:right;head pos: turn:slightly right
1078832,19209761,3515,,eye aperture:squint;head pos: tilt side:right;head pos: turn:slightly right
1078832,19209761,3516,,eye aperture:squint;head pos: tilt side:right;head pos: turn:slightly right
1078832,19209761,3517,DEAF,eye aperture:squint;head pos: tilt side:right;head pos: turn:slightly right
1078832,19209761,3518,DEAF,eye aperture:squint;head pos: tilt side:right;head pos: turn:slightly right
1078832,19209761,3519,DEAF,eye aperture:squint;head pos: tilt side:right;head pos: turn:slightly right
1078832,19209761,3520,,eye aperture:squint;head pos: tilt side:right;head pos: turn:slightly right
1078832,19209761,3521,,eye aperture:squint;head pos: tilt side:right;head pos: turn:slightly right
1078832,19209761,3522,,eye aperture:squint;head pos: tilt side:right;head pos: turn:slightly right
1078832,19209761,3523,PEOPLE,eye aperture:squint;head pos: tilt side:right;head pos: turn:slightly right
1078832,19209761,3524,PEOPLE,eye aperture:squint;head pos: tilt side:right;head pos: turn:slightly right
1078832,19209761,3525,PEOPLE,eye aperture:squint;head pos: tilt side:right;head pos: turn:slightly right
1078832,19209761,3526,,eye aperture:squint;eye gaze:other;head pos: tilt side:right;head pos: turn:slightly right
1078832,19209761,3527,,eye aperture:squint;eye gaze:other;head pos: tilt side:right;head pos: turn:slightly right
1078832,19209761,3528,,eye aperture:squint;eye gaze:other;head pos: tilt side:right;head pos: turn:slightly right
1078832,19209761,3529,POSS-3p-pl-arc,eye aperture:squint;eye gaze:other;head pos: tilt side:right;head pos: turn:slightly right
1078832,19209761,3530,POSS-3p-pl-arc,eye aperture:squint;eye gaze:other;head pos: tilt side:right;head pos: turn:slightly right
1078832,19209761,3531,POSS-3p-pl-arc,eye aperture:squint;eye gaze:other;head pos: tilt side:right;head pos: turn:slightly right
1078832,19209761,3532,POSS-3p-pl-arc,eye aperture:squint;eye gaze:other;head pos: tilt side:right;head pos: turn:slightly right
1078832,19209761,3533,POSS-3p-pl-arc,eye aperture:squint;head pos: tilt side:right;head pos: turn:slightly right
1078832,19209761,3534,POSS-3p-pl-arc,eye aperture:squint;head pos: tilt side:right;head pos: turn:slightly right
1078832,19209761,3535,POSS-3p-pl-arc,eye aperture:squint;head pos: tilt side:right;head pos: turn:slightly right
1078832,19209761,3536,POSS-3p-pl-arc,eye aperture:squint;head pos: tilt side:right;head pos: turn:slightly right
1078832,19209761,3537,POSS-3p-pl-arc,eye aperture:squint;head pos: tilt side:right;head pos: turn:slightly right
1078832,19209761,3538,POSS-3p-pl-arc,eye aperture:squint;head pos: tilt side:right;head pos: turn:slightly right
1078832,19209761,3539,POSS-3p-pl-arc,eye aperture:squint;head pos: tilt side:right;head pos: turn:slightly right
1078832,19209761,3540,POSS-3p-pl-arc,eye aperture:squint;head pos: tilt side:right;head pos: turn:slightly right
1078832,19209761,3541,POSS-3p-pl-arc,eye aperture:squint;head pos: tilt side:right;head pos: turn:slightly right
1078832,19209761,3542,POSS-3p-pl-arc,eye aperture:squint;head pos: tilt side:right;head pos: turn:slightly right
1078832,19209761,3543,,eye aperture:squint;head pos: tilt side:right
1078832,19209761,3544,,eye aperture:squint;head pos: tilt side:right
1078832,19209761,3545,,eye aperture:squint;head pos: tilt side:right
1078832,19209761,3546,,eye aperture:squint;head pos: tilt side:right
1078832,19209761,3547,,eye aperture:squint;head pos: tilt side:right;head pos: tilt side:slightly right
1078832,19209761,3548,EXPERIENCE,eye aperture:squint;head pos: tilt side:slightly right
1078832,19209761,3549,EXPERIENCE,eye aperture:squint;head pos: tilt side:slightly right
1078832,19209761,3550,EXPERIENCE,eye aperture:squint;head pos: tilt side:slightly right
1078832,19209761,3551,EXPERIENCE,eye aperture:squint;head pos: tilt side:slightly right
1078832,19209761,3552,EXPERIENCE,eye aperture:squint;head pos: tilt side:slightly right
1078832,19209761,3553,EXPERIENCE,eye aperture:squint;head pos: tilt side:slightly right
1078832,19209761,3554,EXPERIENCE,eye aperture:squint;head pos: tilt side:slightly right
1078832,19209761,3555,,eye aperture:squint;head pos: tilt side:slightly right
1078832,19209761,3556,,eye aperture:squint;head pos: tilt side:slightly right
1078832,19209761,3557,,eye aperture:squint;head pos: tilt side:slightly right
1078832,19209761,3558,,eye aperture:squint;head pos: tilt side:slightly right
1078832,19209761,3559,,eye aperture:squint;head pos: tilt side:slightly right
1078832,19209761,3560,THROUGH,eye aperture:squint;head pos: tilt side:slightly right
1078832,19209761,3561,THROUGH,eye aperture:squint;head pos: tilt side:slightly right
1078832,19209761,3562,THROUGH,eye aperture:squint;head pos: tilt side:slightly right
1078832,19209761,3563,THROUGH,eye aperture:squint;head pos: tilt side:slightly right
1078832,19209761,3564,,eye aperture:squint;head pos: tilt side:slightly right
1078832,19209761,3565,,eye aperture:squint;head pos: tilt side:slightly right
1078832,19209761,3566,,eye aperture:squint;head pos: tilt side:right;head pos: tilt side:slightly right;head pos: turn:slightly right
1078832,19209761,3567,,eye aperture:squint;head pos: tilt side:right;head pos: turn:slightly right
1078832,19209761,3568,,eye aperture:squint;head pos: tilt side:right;head pos: turn:slightly right
1078832,19209761,3569,,eye aperture:squint;head pos: tilt side:right;head pos: turn:slightly right
1078832,19209761,3570,STORY,eye aperture:squint;head pos: tilt side:right;head pos: turn:slightly right
1078832,19209761,3571,STORY,eye aperture:squint;head pos: tilt side:right;head pos: turn:slightly right
1078832,19209761,3572,STORY,eye aperture:squint;head pos: tilt side:right;head pos: turn:slightly right
1078832,19209761,3573,STORY,eye aperture:squint;head pos: tilt side:right;head pos: turn:slightly right
1078832,19209761,3574,STORY,eye aperture:squint;head pos: tilt side:right;head pos: turn:slightly right
1078832,19209761,3575,STORY,eye aperture:squint;head pos: tilt side:right;head pos: turn:slightly right
1078832,19209761,3576,STORY,eye aperture:squint;head pos: tilt side:right;head pos: turn:slightly right
1078832,19209761,3577,STORY,eye aperture:squint;head pos: tilt side:right;head pos: turn:slightly right
1078832,19209761,3578,STORY,eye aperture:squint;head pos: tilt side:right;head pos: turn:slightly right
1078832,19209761,3579,STORY,eye aperture:squint;head pos: tilt side:right;head pos: turn:slightly right
1078832,19209761,3580,STORY,eye aperture:squint;head pos: tilt side:right;head pos: turn:slightly right
1078832,19209761,3581,STORY,eye aperture:squint;head pos: tilt side:right;head pos: turn:slightly right
1078832,19209761,3582,STORY,eye aperture:squint;head pos: tilt side:right;head pos: turn:slightly right
1078832,19209761,3583,STORY,eye aperture:squint
1078832,19209761,3584,,eye aperture:squint
1078832,19209761,3585,,eye aperture:squint
1078832,19209761,3586,,eye aperture:squint
1078832,19209761,3587,,eye aperture:squint
1078832,19228641,3596,LECTURE,
1078832,19228641,3597,LECTURE,
1078832,19228641,3598,LECTURE,head pos: turn:slightly left
1078832,19228641,3599,LECTURE,head pos: turn:slightly left
1078832,19228641,3600,LECTURE,head pos: turn:slightly left
1078832,19228641,3601,LECTURE,head pos: turn:slightly left
1078832,19228641,3602,LECTURE,head pos: turn:slightly left
1078832,19228641,3603,LECTURE,head pos: turn:slightly left
1078832,19228641,3604,LECTURE,head pos: turn:slightly left
1078832,19228641,3605,LECTURE,head pos: turn:slightly left
1078832,19228641,3606,,body lean:forward;head pos: turn:slightly left
1078832,19228641,3607,,body lean:forward;head pos: turn:slightly left
1078832,19228641,3608,,body lean:forward;head pos: turn:slightly left
1078832,19228641,3609,,body lean:forward;head pos: turn:slightly left
1078832,19228641,3610,fs-TESTIMONIES,body lean:forward;head pos: turn:slightly left
1078832,19228641,3611,fs-TESTIMONIES,body lean:forward;head pos: turn:slightly left
1078832,19228641,3612,fs-TESTIMONIES,body lean:forward;head pos: turn:slightly left
1078832,19228641,3613,fs-TESTIMONIES,body lean:forward;head pos: turn:slightly left
1078832,19228641,3614,fs-TESTIMONIES,body lean:forward;head pos: turn:slightly left
1078832,19228641,3615,fs-TESTIMONIES,body lean:forward;head pos: turn:slightly left
1078832,19228641,3616,fs-TESTIMONIES,body lean:forward;head pos: turn:slightly left
1078832,19228641,3617,fs-TESTIMONIES,body lean:forward;head pos: turn:slightly left
1078832,19228641,3618,fs-TESTIMONIES,body lean:forward;head pos: turn:slightly left
1078832,19228641,3619,fs-TESTIMONIES,body lean:forward;head pos: turn:slightly left
1078832,19228641,3620,fs-TESTIMONIES,body lean:forward;head pos: turn:slightly left
1078832,19228641,3621,fs-TESTIMONIES,body lean:forward;head pos: turn:slightly left
1078832,19228641,3622,fs-TESTIMONIES,body lean:forward;head pos: turn:slightly left
1078832,19228641,3623,fs-TESTIMONIES,body lean:forward;head pos: turn:slightly left
1078832,19228641,3624,fs-TESTIMONIES,body lean:forward;head pos: turn:slightly left
1078832,19228641,3625,fs-TESTIMONIES,body lean:forward;head pos: turn:slightly left
1078832,19228641,3626,fs-TESTIMONIES,body lean:forward;head pos: turn:slightly left
1078832,19228641,3627,fs-TESTIMONIES,body lean:forward;head pos: turn:slightly left
1078832,19228641,3628,fs-TESTIMONIES,body lean:forward;head pos: turn:slightly left
1078832,19228641,3629,fs-TESTIMONIES,body lean:forward;head pos: turn:slightly left
1078832,19228641,3630,fs-TESTIMONIES,body lean:forward;eye aperture:squint;head pos: turn:slightly left
1078832,19228641,3631,fs-TESTIMONIES,body lean:forward;eye aperture:squint;head pos: turn:slightly left
1078832,19228641,3632,fs-TESTIMONIES,body lean:forward;eye aperture:squint;head pos: turn:slightly left
1078832,19228641,3633,fs-TESTIMONIES,body lean:forward;eye aperture:squint;head pos: turn:slightly left
1078832,19228641,3634,fs-TESTIMONIES,body lean:forward;eye aperture:squint;head pos: turn:slightly left
1078832,19228641,3635,fs-TESTIMONIES,body lean:forward;eye aperture:squint
1078832,19228641,3636,fs-TESTIMONIES,body lean:forward;eye aperture:squint
1078832,19228641,3637,,eye aperture:squint;eye gaze:other;head pos: turn:slightly right
1078832,19228641,3638,,eye aperture:squint;eye gaze:other;head pos: turn:slightly right
1078832,19228641,3639,,eye aperture:squint;eye gaze:other;head pos: turn:slightly right
1078832,19228641,3640,,eye aperture:squint;eye gaze:other;head pos: turn:slightly right
1078832,19228641,3641,,eye aperture:squint;eye gaze:other;head pos: turn:slightly right
1078832,19228641,3642,,eye aperture:squint;eye gaze:other;head pos: turn:slightly right
1078832,19228641,3643,DIFFERENT,eye aperture:squint;eye gaze:other;head pos: turn:slightly right
1078832,19228641,3644,DIFFERENT,eye aperture:squint;eye gaze:other;head pos: turn:slightly right
1078832,19228641,3645,DIFFERENT,eye aperture:squint;eye gaze:other;head pos: turn:slightly right
1078832,19228641,3646,DIFFERENT,eye aperture:squint;eye gaze:other;head pos: turn:slightly right
1078832,19228641,3647,DIFFERENT,eye aperture:squint;eye gaze:other;head pos: turn:slightly right
1078832,19228641,3648,,eye aperture:squint;head pos: turn:slightly right
1078832,19228641,3649,,eye aperture:squint;head pos: turn:slightly right
1078832,19228641,3650,TOTAL_3,eye aperture:squint
1078832,19228641,3651,TOTAL_3,eye aperture:squint
1078832,19228641,3652,TOTAL_3,eye aperture:squint
1078832,19228641,3653,TOTAL_3,eye aperture:squint
1078832,19228641,3654,TOTAL_3,eye aperture:squint;eye gaze:other
1078832,19228641,3655,TOTAL_3,eye aperture:squint;eye gaze:other
1078832,19228641,3656,,eye aperture:squint;eye gaze:other
1078832,19228641,3657,,eye aperture:squint;eye gaze:other
1078832,19228641,3658,,eye aperture:squint;eye gaze:other;head pos: turn:slightly right
1078832,19228641,3659,,eye aperture:squint;eye gaze:other;head pos: turn:slightly right
1078832,19228641,3660,BECOME,eye aperture:squint;head pos: turn:slightly right
1078832,19228641,3661,BECOME,eye aperture:squint
1078832,19228641,3662,BECOME,eye aperture:squint
1078832,19228641,3663,BECOME,eye aperture:squint
1078832,19228641,3664,BECOME,eye aperture:squint
1078832,19228641,3665,,eye aperture:squint
1078832,19228641,3666,,eye aperture:squint
1078832,19228641,3667,,eye aperture:squint
1078832,19228641,3668,,eye aperture:squint
1078832,19228641,3669,SAME,eye aperture:squint
1078832,19228641,3670,SAME,eye aperture:squint;head pos: tilt side:slightly right
1078832,19228641,3671,,eye aperture:squint;head pos: tilt side:slightly right
1078832,19228641,3672,,eye aperture:squint;head pos: tilt side:slightly right
1078832,19228641,3673,,eye aperture:squint;head pos: tilt side:slightly right
1078832,19228641,3674,,head pos: tilt side:slightly right
1078832,19228641,3675,,head pos: tilt side:slightly right
1078832,19228641,3676,,head pos: tilt side:slightly right
1078832,19228641,3677,fs-BRICOLAGE,head pos: tilt side:slightly right
1078832,19228641,3678,fs-BRICOLAGE,head pos: tilt side:slightly right
1078832,19228641,3679,fs-BRICOLAGE,head pos: tilt side:slightly right
1078832,19228641,3680,fs-BRICOLAGE,head pos: tilt side:slightly right
1078832,19228641,3681,fs-BRICOLAGE,head pos: tilt side:slightly right
1078832,19228641,3682,fs-BRICOLAGE,head pos: tilt side:slightly right
1078832,19228641,3683,fs-BRICOLAGE,head pos: tilt side:slightly right
1078832,19228641,3684,fs-BRICOLAGE,head pos: tilt side:slightly right
1078832,19228641,3685,fs-BRICOLAGE,head pos: tilt side:slightly right
1078832,19228641,3686,fs-BRICOLAGE,head pos: tilt side:slightly right
1078832,19228641,3687,fs-BRICOLAGE,head pos: tilt side:slightly right
1078832,19228641,3688,fs-BRICOLAGE,head pos: tilt side:slightly right
1078832,19228641,3689,fs-BRICOLAGE,head pos: tilt side:slightly right
1078832,19228641,3690,fs-BRICOLAGE,head pos: tilt side:slightly right
1078832,19228641,3691,fs-BRICOLAGE,head pos: tilt side:slightly right
1078832,19228641,3692,fs-BRICOLAGE,head pos: tilt side:slightly right
1078832,19228641,3693,fs-BRICOLAGE,head pos: tilt side:slightly right
1078832,19228641,3694,fs-BRICOLAGE,head pos: tilt side:slightly right
1078832,19228641,3695,fs-BRICOLAGE,head pos: tilt side:slightly right
1078832,19228641,3696,fs-BRICOLAGE,head pos: tilt side:slightly right
1078832,19228641,3697,fs-BRICOLAGE,head pos: tilt side:slightly right
1078832,19228641,3698,fs-BRICOLAGE,head pos: tilt side:slightly right
1078832,19228641,3699,fs-BRICOLAGE,head pos: tilt side:slightly right
1078832,19228641,3700,fs-BRICOLAGE,head pos: tilt side:slightly right
1078832,19228641,3701,fs-BRICOLAGE,head pos: tilt side:slightly right
1078832,19228641,3702,fs-BRICOLAGE,head pos: tilt side:slightly right
1078832,19228641,3703,fs-BRICOLAGE,head pos: tilt side:slightly right
1078832,19228641,3704,fs-BRICOLAGE,head pos: tilt side:slightly right
1078832,19228641,3705,fs-BRICOLAGE,head pos: tilt side:slightly right
1078832,19228641,3706,fs-BRICOLAGE,head pos: tilt side:slightly right
1078832,19228641,3707,fs-BRICOLAGE,head pos: tilt side:slightly right
1078832,19228641,3708,fs-BRICOLAGE,head pos: tilt side:slightly right
1078832,19228641,3709,fs-BRICOLAGE,head pos: tilt side:slightly right
1078832,19228641,3710,fs-BRICOLAGE,head pos: tilt side:slightly right
1078832,19228641,3711,fs-BRICOLAGE,head pos: tilt side:slightly right
1078832,19228641,3712,fs-BRICOLAGE,head pos: tilt side:slightly right
1078832,19228641,3713,fs-BRICOLAGE,head pos: tilt side:slightly right
1078832,19228641,3714,fs-BRICOLAGE,eye gaze:other;head pos: tilt side:slightly right
1078832,19228641,3715,,eye gaze:other;head pos: tilt side:slightly right
1078832,19228641,3716,,eye gaze:other;head pos: tilt side:slightly right
1078832,19228641,3717,DCL:5gathering information,eye gaze:other;head pos: tilt side:slightly right
1078832,19228641,3718,DCL:5gathering information,eye gaze:other;head pos: tilt side:slightly right
1078832,19228641,3719,DCL:5gathering information,eye gaze:other;head pos: tilt side:slightly right;head pos: turn:slightly right
1078832,19228641,3720,DCL:5gathering information,eye gaze:other;head pos: tilt side:slightly right;head pos: turn:slightly right
1078832,19228641,3721,DCL:5gathering information,eye gaze:other;head pos: turn:slightly right
1078832,19228641,3722,DCL:5gathering information,eye gaze:other;head pos: turn:slightly right
1078832,19228641,3723,DCL:5gathering information,eye gaze:other
1078832,19228641,3724,DCL:5gathering information,
1078832,19228641,3725,DCL:5gathering information,
1078832,19228641,3726,DCL:5gathering information,
1078832,19228641,3727,DCL:5gathering information,
1078832,19228641,3728,DCL:5gathering information,
1078832,19228641,3729,DCL:5gathering information,
1078832,19228641,3730,DCL:5gathering information,
1078832,19228641,3731,DCL:5gathering information,
1078832,19228641,3732,DCL:5gathering information,
1078832,19228641,3733,DCL:5gathering information,
1078832,19228641,3734,DCL:5gathering information,
1078832,19228641,3735,DCL:5gathering information,
1078832,19228641,3736,DCL:5gathering information,
1078832,19228641,3737,DCL:5gathering information,
1078832,19228641,3738,DCL:5gathering information,
1078832,19228641,3739,DCL:5gathering information,
1078832,19228641,3740,DCL:5gathering information,
1078832,19228641,3741,DCL:5gathering information,
1078832,19228641,3742,DCL:5gathering information,
1078832,19228641,3748,ORGANIZE,
1078832,19228641,3749,ORGANIZE,
1078832,19228641,3750,ORGANIZE,
1078832,19228641,3751,ORGANIZE,
1078832,19228641,3752,ORGANIZE,
1078832,19228641,3753,ORGANIZE,
1078832,19228641,3754,ORGANIZE,
1078832,19228641,3755,ORGANIZE,
1078832,19228641,3756,ORGANIZE,
1078832,19228641,3757,ORGANIZE,
1078832,19228641,3758,ORGANIZE,
1078832,19228641,3759,ORGANIZE,
1078832,19228641,3760,ORGANIZE,
1078832,19228641,3761,ORGANIZE,
1078832,19228641,3762,ORGANIZE,
1078832,19228641,3763,ORGANIZE,
1078832,19228641,3764,ORGANIZE,
1078832,19228641,3765,ORGANIZE,
1078832,19228641,3766,ORGANIZE,
1078832,19228641,3767,ORGANIZE,
1078832,19228641,3768,ORGANIZE,
1078832,19228641,3769,ORGANIZE,
1078832,19228641,3770,ORGANIZE,
1078832,19228641,3771,ORGANIZE,
1078832,19228641,3772,ORGANIZE,
1078832,19228641,3773,ORGANIZE,
1078832,19228641,3774,ORGANIZE,
1078832,19228641,3775,ORGANIZE,
1078832,19228641,3776,ORGANIZE,
1078832,19246273,3794,,head pos: tilt side:slightly right
1078832,19246273,3795,,head pos: tilt side:slightly right
1078832,19246273,3796,,head pos: tilt side:slightly right
1078832,19246273,3797,,head pos: tilt side:slightly right
1078832,19246273,3798,,head pos: tilt side:slightly right
1078832,19246273,3799,,head pos: tilt side:slightly right
1078832,19246273,3800,,head pos: tilt side:slightly right
1078832,19246273,3801,,head pos: tilt side:slightly right
1078832,19246273,3802,,head pos: tilt side:slightly right
1078832,19246273,3803,,head pos: tilt side:slightly right
1078832,19246273,3804,,head pos: tilt side:slightly right
1078832,19246273,3805,,head mvmt: nod:slow;head pos: tilt side:slightly right
1078832,19246273,3806,,head mvmt: nod:slow;head pos: tilt side:slightly right
1078832,19246273,3807,,eye aperture:blink;head mvmt: nod:slow;head pos: tilt side:slightly right
1078832,19246273,3808,,eye aperture:blink;head mvmt: nod:slow;head pos: tilt side:slightly right
1078832,19246273,3809,,eye aperture:blink;head mvmt: nod:slow;head pos: tilt side:slightly right
1078832,19246273,3810,,eye aperture:blink;head mvmt: nod:slow;head pos: tilt side:slightly right
1078832,19246273,3811,,eye aperture:blink;head mvmt: nod:slow;head pos: tilt side:slightly right
1078832,19246273,3812,,eye aperture:blink;head mvmt: nod:slow;head pos: tilt side:slightly right
1078832,19246273,3813,,eye aperture:blink;head mvmt: nod:slow;head pos: tilt side:slightly right
1078832,19246273,3814,,head mvmt: nod:slow;head pos: tilt side:slightly right
1078832,19246273,3815,REALLY,head mvmt: nod:slow;head pos: tilt side:slightly right
1078832,19246273,3816,REALLY,head mvmt: nod:slow;head pos: tilt side:slightly right
1078832,19246273,3817,REALLY,eye aperture:squint;head mvmt: nod:slow;head pos: tilt side:slightly right
1078832,19246273,3818,,eye aperture:squint;head mvmt: nod:slow;head pos: tilt side:slightly right
1078832,19246273,3819,,eye aperture:squint;eye gaze:left;head mvmt: nod:slow;head pos: tilt side:slightly right
1078832,19246273,3820,,eye aperture:squint;eye gaze:left;head mvmt: nod:slow;head pos: tilt side:slightly right
1078832,19246273,3821,A-LOT,eye aperture:squint;eye gaze:left;head mvmt: nod:slow;head pos: tilt side:slightly right
1078832,19246273,3822,A-LOT,eye aperture:squint;eye gaze:left;head mvmt: nod:slow;head pos: tilt side:slightly right
1078832,19246273,3823,A-LOT,eye aperture:squint;eye gaze:left;head mvmt: nod:slow;head pos: tilt side:slightly right
1078832,19246273,3824,A-LOT,eye aperture:squint;eye gaze:left;head mvmt: nod:slow;head pos: tilt side:slightly right
1078832,19246273,3825,A-LOT,eye aperture:squint;eye gaze:left;head mvmt: nod:slow;head pos: tilt side:slightly right
1078832,19246273,3826,A-LOT,eye aperture:squint;eye gaze:left;head mvmt: nod:slow;head pos: tilt side:slightly right
1078832,19246273,3827,A-LOT,eye aperture:squint;eye gaze:left;head mvmt: nod:slow;head pos: tilt side:slightly right
1078832,19246273,3828,A-LOT,eye aperture:squint;eye gaze:left;head mvmt: nod:slow;head pos: tilt side:slightly right
1078832,19246273,3829,A-LOT,eye aperture:squint;eye gaze:left;head mvmt: nod:slow;head pos: tilt side:slightly right
1078832,19246273,3830,A-LOT,eye gaze:left;head mvmt: nod:slow;head pos: tilt side:slightly right
1078832,19246273,3831,A-LOT,eye gaze:left;head mvmt: nod:slow;head pos: tilt side:slightly right
1078832,19246273,3832,A-LOT,eye gaze:left;head mvmt: nod:slow;head pos: tilt side:slightly right
1078832,19246273,3833,A-LOT,eye gaze:left;head mvmt: nod:slow;head pos: tilt side:slightly right
1078832,19246273,3834,A-LOT,eye aperture:lowered lid;eye gaze:left;head mvmt: nod:slow;head pos: tilt side:slightly right
1078832,19246273,3835,,eye aperture:lowered lid;eye gaze:left;head mvmt: nod:slow;head pos: tilt side:slightly right
1078832,19246273,3836,,eye aperture:lowered lid;eye gaze:left;head mvmt: nod:slow;head pos: tilt side:slightly right
1078832,19246273,3837,,eye aperture:lowered lid;eye gaze:left;head mvmt: nod:slow;head pos: tilt side:slightly right
1078832,19246273,3838,,eye aperture:lowered lid;eye gaze:left;head mvmt: nod:slow;head pos: tilt side:slightly right
1078832,19246273,3839,,eye aperture:lowered lid;head mvmt: nod:slow;head pos: tilt side:slightly right
1078832,19246273,3840,,eye aperture:lowered lid;head mvmt: nod:slow;head pos: tilt side:slightly right
1078832,19246273,3841,,eye aperture:lowered lid;head mvmt: nod:slow;head pos: tilt side:slightly right
1078832,19246273,3842,,eye aperture:lowered lid;head mvmt: nod:slow;head pos: tilt side:slightly right
1078832,19246273,3843,,eye aperture:lowered lid;head mvmt: nod:slow;head pos: tilt side:slightly right
1078832,19246273,3844,,eye aperture:lowered lid;head mvmt: nod:slow;head pos: tilt side:slightly right
1078832,19246273,3845,,eye aperture:lowered lid;head mvmt: nod:slow;head pos: tilt side:slightly right
1078832,19246273,3846,,eye aperture:lowered lid;head mvmt: nod:slow;head pos: tilt side:slightly right
1078832,19246273,3847,,eye aperture:lowered lid;head mvmt: nod:slow;head pos: tilt side:slightly right
1078832,19246273,3848,,head mvmt: nod:slow;head pos: tilt side:slightly right
1078832,19246273,3849,,head mvmt: nod:slow;head pos: tilt side:slightly right
1078832,19246273,3850,,head mvmt: nod:slow;head pos: tilt side:slightly right
1078832,19246273,3851,,head mvmt: nod:slow;head pos: tilt side:slightly right
1078832,19246273,3852,,head mvmt: nod:slow;head pos: tilt side:slightly right
1078832,19246273,3853,,head mvmt: nod:slow;head pos: tilt side:slightly right
1078832,19246273,3854,INCLUDE/INVOLVE,head mvmt: nod:slow;head pos: tilt side:slightly right
1078832,19246273,3855,INCLUDE/INVOLVE,head mvmt: nod:slow;head pos: tilt side:slightly right
1078832,19246273,3856,INCLUDE/INVOLVE,head pos: tilt side:slightly right
1078832,19246273,3857,INCLUDE/INVOLVE,head pos: tilt side:slightly right
1078832,19246273,3858,INCLUDE/INVOLVE,
1078832,19246273,3859,INCLUDE/INVOLVE,
1078832,19246273,3860,INCLUDE/INVOLVE,
1078832,19246273,3861,INCLUDE/INVOLVE,
1078832,19246273,3862,INCLUDE/INVOLVE,
1078832,19246273,3863,INCLUDE/INVOLVE,
1078832,19246273,3864,INCLUDE/INVOLVE,
1078832,19246273,3873,,eye gaze:left;head mvmt: nod:single
1078832,19246273,3874,,eye gaze:left;head mvmt: nod:single
1078832,19246273,3875,,eye gaze:left;head mvmt: nod:single
1078832,19246273,3876,TO/UNTIL,eye gaze:left;head mvmt: nod:single
1078832,19246273,3877,TO/UNTIL,eye aperture:wide;head mvmt: nod:single
1078832,19246273,3878,,eye aperture:wide;head mvmt: nod:single
1078832,19246273,3879,,eye aperture:wide;head mvmt: nod:single
1078832,19246273,3880,,eye aperture:wide;head mvmt: nod:single
1078832,19246273,3881,FULL,eye aperture:wide;head mvmt: nod:single
1078832,19246273,3882,FULL,eye aperture:wide
1078832,19246273,3883,FULL,eye aperture:wide
1078832,19246273,3884,FULL,eye aperture:wide
1078832,19246273,3885,FULL,eye aperture:wide
1078832,19246273,3886,FULL,eye aperture:wide
1078832,19246273,3887,FULL,eye aperture:wide
1078832,19246273,3888,FULL,eye aperture:wide
1078832,19246273,3889,,eye aperture:wide
1078832,19246273,3890,,eye aperture:wide
1078832,19246273,3891,,eye aperture:wide
1078832,19246273,3892,,eye aperture:wide
1078832,19246273,3893,,eye aperture:wide
1078832,19246273,3894,,eye aperture:wide
1078832,19246273,3895,IN,eye aperture:wide
1078832,19246273,3896,IN,eye aperture:wide
1078832,19246273,3897,IN,eye aperture:wide;eye gaze:left
1078832,19246273,3898,,eye aperture:wide;eye gaze:left
1078832,19246273,3899,,eye aperture:wide;eye gaze:left
1078832,19246273,3900,THAT,eye aperture:wide;eye gaze:left
1078832,19246273,3901,THAT,eye aperture:wide;eye gaze:left
1078832,19246273,3902,THAT,eye aperture:wide;eye gaze:left
1078832,19246273,3903,THAT,eye aperture:wide;eye gaze:left;head pos: tilt side:slightly right
1078832,19246273,3904,THAT,eye aperture:wide;eye gaze:left;head pos: tilt side:slightly right
1078832,19246273,3905,,eye aperture:wide;eye gaze:left;head pos: tilt side:slightly right
1078832,19246273,3906,,eye aperture:wide;head pos: tilt side:slightly right;head pos: turn:slightly right
1078832,19246273,3907,,eye aperture:wide;head pos: tilt side:slightly right;head pos: turn:slightly right
1078832,19246273,3908,,eye aperture:wide;head pos: tilt side:slightly right;head pos: turn:slightly right
1078832,19246273,3909,,eye aperture:wide;head pos: tilt side:slightly right;head pos: turn:slightly right
1078832,19246273,3910,,eye aperture:wide;head pos: tilt side:slightly right;head pos: turn:slightly right
1078832,19246273,3911,GROUP/TOGETHER,eye aperture:wide;head pos: tilt side:slightly right;head pos: turn:slightly right
1078832,19246273,3912,GROUP/TOGETHER,eye aperture:wide;head pos: tilt side:slightly right;head pos: turn:slightly right
1078832,19246273,3913,GROUP/TOGETHER,eye aperture:wide;head pos: tilt side:slightly right;head pos: turn:slightly right
1078832,19246273,3914,GROUP/TOGETHER,eye aperture:wide;head pos: tilt side:slightly right;head pos: turn:slightly right
1078832,19246273,3915,,eye aperture:wide;head pos: tilt side:slightly right;head pos: turn:slightly right
1078832,19246273,3916,,eye aperture:wide;head pos: tilt side:slightly right;head pos: turn:slightly right
1078832,19246273,3917,,eye aperture:wide;head pos: tilt side:slightly right;head pos: turn:slightly right
1078832,19246273,3918,,eye aperture:wide;head pos: tilt side:slightly right;head pos: turn:slightly right
1078832,19246273,3919,,eye aperture:wide;head pos: tilt side:slightly right;head pos: turn:slightly right
1078832,19246273,3920,,eye aperture:wide;head pos: tilt side:slightly right;head pos: turn:slightly right
1078832,19246273,3921,,eye aperture:wide;head pos: tilt side:slightly right;head pos: turn:slightly right
1078832,19246273,3922,,eye aperture:wide;head pos: tilt side:slightly right;head pos: turn:slightly right
1078832,19246273,3923,MAJOR,eye aperture:wide;head pos: tilt side:slightly right;head pos: turn:slightly right
1078832,19246273,3924,MAJOR,eye aperture:wide;head pos: turn:slightly right
1078832,19246273,3925,MAJOR,eye aperture:wide;head pos: turn:slightly right
1078832,19246273,3926,MAJOR,head pos: turn:slightly right
1078832,19246273,3927,MAJOR,head pos: turn:slightly right
1078832,19246273,3928,MAJOR,head pos: turn:slightly right
1078832,19246273,3929,MAJOR,eye aperture:blink
1078832,19246273,3930,MAJOR,eye aperture:blink
1078832,19246273,3931,,eye aperture:blink
1078832,19246273,3933,,eye aperture:lowered lid
1078832,19246273,3934,,eye aperture:lowered lid
1078832,19246273,3935,,eye aperture:lowered lid
1078832,19246273,3936,,eye aperture:lowered lid
1078832,19246273,3937,,eye aperture:lowered lid;head pos: tilt side:slightly right
1078832,19246273,3938,,eye aperture:lowered lid;head pos: tilt side:slightly right
1078832,19246273,3939,,eye aperture:lowered lid;head pos: tilt side:slightly right
1078832,19246273,3940,,eye aperture:lowered lid;head pos: tilt side:slightly right
1078832,19246273,3941,,eye aperture:lowered lid;head pos: tilt side:slightly right
1078832,19246273,3942,,eye aperture:lowered lid;head pos: tilt side:slightly right
1078832,19246273,3943,,eye aperture:lowered lid;head pos: tilt side:slightly right
1078832,19246273,3944,,eye aperture:lowered lid;head pos: tilt side:slightly right
1078832,19246273,3945,,eye aperture:lowered lid;head pos: tilt side:slightly right
1078832,19246273,3946,,eye aperture:lowered lid;head pos: tilt side:slightly right
1078832,19246273,3947,,eye aperture:lowered lid
1078832,19256053,3949,,eye aperture:further lowered;head pos: turn:right
1078832,19256053,3950,,eye aperture:further lowered;head pos: tilt side:slightly right;head pos: turn:right
1078832,19256053,3951,,eye aperture:further lowered;head pos: tilt side:slightly right;head pos: turn:right
1078832,19256053,3952,,eye aperture:further lowered;head pos: tilt side:slightly right;head pos: turn:right
1078832,19256053,3953,,eye aperture:further lowered;head pos: tilt side:slightly right;head pos: turn:right
1078832,19256053,3954,,eye aperture:further lowered;head pos: tilt side:slightly right;head pos: turn:right
1078832,19256053,3955,,eye aperture:further lowered;head pos: tilt side:slightly right;head pos: turn:right
1078832,19256053,3956,,eye aperture:further lowered;head pos: tilt side:slightly right;head pos: turn:right
1078832,19256053,3957,,eye aperture:further lowered;head pos: tilt side:slightly right;head pos: turn:right
1078832,19256053,3958,,eye aperture:further lowered;head pos: tilt side:slightly right;head pos: turn:right
1078832,19256053,3959,,eye aperture:further lowered;head pos: tilt side:slightly right;head pos: turn:right
1078832,19256053,3960,,eye aperture:further lowered;head pos: tilt side:slightly right;head pos: turn:right
1078832,19256053,3961,,eye aperture:further lowered;head pos: tilt side:slightly right;head pos: turn:right
1078832,19256053,3962,,eye aperture:further lowered;head pos: tilt side:slightly right;head pos: turn:right
1078832,19256053,3963,,eye aperture:further lowered;head pos: tilt side:slightly right;head pos: turn:right
1078832,19256053,3964,,eye aperture:further lowered;head pos: tilt side:slightly right;head pos: turn:right
1078832,19256053,3965,,eye aperture:further lowered;head pos: tilt side:slightly right;head pos: turn:right
1078832,19256053,3966,,eye aperture:further lowered;head pos: tilt side:slightly right;head pos: turn:right
1078832,19256053,3967,,eye aperture:further lowered;head pos: tilt side:slightly right;head pos: turn:right
1078832,19256053,3968,,eye aperture:further lowered;head pos: tilt side:slightly right;head pos: turn:right
1078832,19256053,3969,,eye aperture:further lowered;head pos: tilt side:slightly right;head pos: turn:right
1078832,19256053,3970,BUT,eye aperture:further lowered;head pos: tilt side:slightly right;head pos: turn:right
1078832,19256053,3971,BUT,eye aperture:further lowered;head pos: tilt side:slightly right;head pos: turn:right
1078832,19256053,3972,BUT,eye aperture:further lowered;head pos: tilt side:slightly right;head pos: turn:right
1078832,19256053,3973,BUT,eye aperture:further lowered;head pos: tilt side:slightly right;head pos: turn:right
1078832,19256053,3974,BUT,eye aperture:further lowered;head pos: tilt side:slightly right;head pos: turn:right
1078832,19256053,3975,BUT,eye aperture:further lowered;head pos: tilt side:slightly right;head pos: turn:right
1078832,19256053,3976,,eye aperture:further lowered;head pos: tilt side:slightly right;head pos: turn:right
1078832,19256053,3977,,eye aperture:further lowered;head pos: tilt side:slightly right;head pos: turn:right
1078832,19256053,3978,,eye aperture:further lowered;eye gaze:left;head pos: tilt side:slightly right;head pos: turn:right
1078832,19256053,3979,,eye aperture:further lowered;eye gaze:left;head pos: tilt side:slightly right;head pos: turn:right
1078832,19256053,3980,,eye aperture:further lowered;eye gaze:left;head pos: tilt side:slightly right;head pos: turn:right
1078832,19256053,3981,,eye aperture:further lowered;eye gaze:left;head pos: tilt side:slightly right;head pos: turn:right
1078832,19256053,3982,,eye aperture:further lowered;eye gaze:left;head pos: tilt side:slightly right;head pos: turn:right
1078832,19256053,3983,FOR,eye gaze:left;head pos: tilt side:slightly right;head pos: turn:right
1078832,19256053,3984,FOR,eye aperture:slightly squinted;eye gaze:left;head pos: tilt side:slightly right;head pos: turn:right
1078832,19256053,3985,FOR,eye aperture:slightly squinted;eye gaze:left;head pos: tilt side:slightly right;head pos: turn:right
1078832,19256053,3986,THINKMEAN,eye aperture:slightly squinted;eye gaze:left;head pos: tilt side:slightly right;head pos: turn:right
1078832,19256053,3987,THINKMEAN,eye aperture:slightly squinted;eye gaze:left;head pos: tilt side:slightly right;head pos: turn:right
1078832,19256053,3988,THINKMEAN,eye aperture:slightly squinted;head pos: tilt side:slightly right;head pos: turn:right
1078832,19256053,3989,THINKMEAN,eye aperture:slightly squinted;eye brows:slightly raised;head pos: tilt side:slightly right;head pos: turn:right
1078832,19256053,3990,THINKMEAN,eye aperture:slightly squinted;eye brows:slightly raised;head pos: tilt side:slightly right;head pos: turn:right
1078832,19256053,3991,THINKMEAN,eye aperture:slightly squinted;eye brows:slightly raised;head pos: tilt side:slightly right;head pos: turn:right
1078832,19256053,3992,THINKMEAN,eye aperture:slightly squinted;eye brows:slightly raised;head pos: tilt side:slightly right;head pos: turn:right
1078832,19256053,3993,THINKMEAN,eye aperture:slightly squinted;eye brows:slightly raised;head pos: turn:right
1078832,19256053,3994,THINKMEAN,eye aperture:slightly squinted;eye brows:slightly raised;head pos: turn:right
1078832,19256053,3995,THINKMEAN,eye aperture:slightly squinted;eye brows:slightly raised;head pos: turn:right
1078832,19256053,3996,THINKMEAN,eye aperture:slightly squinted;eye brows:slightly raised;head pos: turn:right;topic/focus:focus
1078832,19256053,3997,THINKMEAN,eye aperture:slightly squinted;eye brows:slightly raised;head pos: turn:right;topic/focus:focus
1078832,19256053,3998,THINKMEAN,eye aperture:slightly squinted;eye brows:slightly raised;head pos: turn:right;topic/focus:focus
1078832,19256053,3999,THINKMEAN,eye aperture:slightly squinted;eye brows:slightly raised;head pos: turn:right;topic/focus:focus
1078832,19256053,4000,THINKMEAN,eye aperture:slightly squinted;eye brows:slightly raised;head pos: turn:right;topic/focus:focus
1078832,19256053,4001,THINKMEAN,eye aperture:slightly squinted;eye brows:slightly raised;head pos: turn:right;topic/focus:focus
1078832,19256053,4002,THINKMEAN,eye aperture:slightly squinted;eye brows:slightly raised;head pos: turn:right;topic/focus:focus
1078832,19256053,4003,THINKMEAN,eye aperture:slightly squinted;eye brows:slightly raised;head pos: turn:right;topic/focus:focus
1078832,19256053,4004,,eye aperture:slightly squinted;eye brows:slightly raised;head pos: turn:right;topic/focus:focus
1078832,19256053,4005,,eye aperture:slightly squinted;eye brows:slightly raised;head pos: turn:right;topic/focus:focus
1078832,19256053,4006,,eye aperture:slightly squinted;eye brows:slightly raised;head pos: turn:right;topic/focus:focus
1078832,19256053,4007,,eye aperture:slightly squinted;eye brows:slightly raised;head pos: turn:right;topic/focus:focus
1078832,19256053,4008,,eye aperture:slightly squinted;eye brows:slightly raised;head pos: turn:right;topic/focus:focus
1078832,19256053,4009,,eye aperture:slightly squinted;eye brows:slightly raised;head pos: turn:right;topic/focus:focus
1078832,19256053,4010,THIS_2,eye aperture:slightly squinted;eye brows:slightly raised;head pos: turn:right;topic/focus:focus
1078832,19256053,4011,THIS_2,eye aperture:slightly squinted;eye brows:slightly raised;head pos: turn:right;topic/focus:focus
1078832,19256053,4012,THIS_2,eye aperture:slightly squinted;eye brows:slightly raised;head pos: turn:right;topic/focus:focus
1078832,19256053,4013,THIS_2,eye aperture:slightly squinted;eye brows:slightly raised;head pos: turn:right;topic/focus:focus
1078832,19256053,4014,THIS_2,eye aperture:slightly squinted;eye brows:slightly raised;head pos: turn:right;topic/focus:focus
1078832,19256053,4015,THIS_2,eye aperture:slightly squinted;eye brows:slightly raised;head pos: turn:right;topic/focus:focus
1078832,19256053,4016,THIS_2,eye aperture:slightly squinted;eye brows:slightly raised;head pos: turn:right;topic/focus:focus
1078832,19256053,4017,THIS_2,eye aperture:slightly squinted;eye brows:slightly raised;head pos: turn:right;topic/focus:focus
1078832,19256053,4018,THIS_2,eye aperture:slightly squinted;eye brows:slightly raised;head pos: turn:right;topic/focus:focus
1078832,19256053,4019,THIS_2,eye aperture:slightly squinted;eye brows:slightly raised;head pos: turn:right;topic/focus:focus
1078832,19256053,4020,THIS_2,eye brows:slightly raised;head pos: turn:right;topic/focus:focus
1078832,19256053,4021,THIS_2,eye brows:slightly raised;head pos: turn:right;topic/focus:focus
1078832,19256053,4022,,eye brows:slightly raised;head pos: turn:right
1078832,19256053,4023,,eye aperture:blink;head pos: turn:right
1078832,19256053,4024,,eye aperture:blink;head pos: turn:right
1078832,19256053,4025,,eye aperture:blink;head pos: turn:right
1078832,19256053,4026,,eye aperture:blink;head pos: turn:right
1078832,19256053,4027,,head pos: turn:right
1078832,19256053,4028,,eye aperture:further lowered;head pos: turn:right
1078832,19256053,4029,,eye aperture:further lowered;head pos: turn:right
1078832,19256053,4030,,eye aperture:further lowered;head pos: turn:right
1078832,19256053,4031,,eye aperture:further lowered;head pos: turn:right
1078832,19256053,4032,,eye aperture:further lowered;eye gaze:left;head pos: turn:right
1078832,19256053,4033,,eye aperture:further lowered;eye gaze:left;head pos: turn:right
1078832,19256053,4034,,eye aperture:further lowered;eye gaze:left;head pos: turn:right
1078832,19256053,4035,,eye aperture:further lowered;eye gaze:left;head pos: turn:right
1078832,19256053,4036,,eye aperture:further lowered;eye gaze:left;head pos: turn:right
1078832,19256053,4037,FOCUS/NARROW,eye aperture:further lowered;eye gaze:left;head pos: turn:right
1078832,19256053,4038,FOCUS/NARROW,eye aperture:further lowered;eye gaze:left;head pos: turn:right
1078832,19256053,4039,FOCUS/NARROW,eye aperture:further lowered;eye gaze:left;head pos: turn:right
1078832,19256053,4040,FOCUS/NARROW,eye aperture:further lowered;eye gaze:left;head pos: turn:right
1078832,19256053,4041,,eye aperture:further lowered;eye gaze:left;head pos: turn:right
1078832,19256053,4042,,eye aperture:further lowered;head pos: turn:right
1078832,19256053,4043,,eye aperture:further lowered;head pos: turn:right
1078832,19256053,4044,ON,eye aperture:further lowered;head pos: turn:right
1078832,19256053,4045,ON,eye aperture:further lowered;head pos: turn:right
1078832,19256053,4046,ON,eye aperture:further lowered;head pos: turn:right
1078832,19256053,4047,,eye aperture:further lowered;head pos: turn:right
1078832,19256053,4048,,eye aperture:further lowered;head pos: turn:right
1078832,19256053,4049,,eye aperture:further lowered;head pos: turn:right
1078832,19256053,4050,,eye aperture:further lowered;head pos: turn:right
1078832,19256053,4051,,eye aperture:further lowered;head pos: turn:right
1078832,19256053,4052,,eye aperture:further lowered;head pos: turn:right
1078832,19256053,4053,TWO,eye aperture:further lowered;head pos: turn:right
1078832,19256053,4054,TWO,eye aperture:squint;head pos: turn:right
1078832,19256053,4055,TWO,eye aperture:squint;head pos: turn:right
1078832,19256053,4056,TWO,eye aperture:squint;head pos: turn:right
1078832,19256053,4057,TWO,eye aperture:squint;head pos: turn:right
1078832,19256053,4058,TWO,eye aperture:squint;head pos: turn:right
1078832,19256053,4059,TWO,eye aperture:squint;head pos: turn:right
1078832,19256053,4060,TWO,eye aperture:squint;head pos: turn:right
1078832,19256053,4061,TWO,eye aperture:squint;head pos: turn:right
1078832,19256053,4062,TWO,eye aperture:squint;head pos: turn:right
1078832,19256053,4063,TWO,eye aperture:squint;head pos: turn:right
1078832,19256053,4064,TWO,eye aperture:squint;head pos: turn:right
1078832,19256053,4065,,eye aperture:squint;head pos: turn:right
1078832,19256053,4066,,eye aperture:squint;head pos: turn:right
1078832,19256053,4067,,eye aperture:squint;head pos: turn:right
1078832,19256053,4068,,eye aperture:squint;eye gaze:left;head pos: turn:right
1078832,19256053,4069,,eye aperture:squint;eye gaze:left;head pos: turn:right
1078832,19256053,4070,,eye aperture:squint;eye gaze:left;head pos: turn:right
1078832,19256053,4071,,eye aperture:squint;eye gaze:left;head pos: turn:right
1078832,19256053,4072,,eye aperture:squint;eye gaze:left;head pos: turn:right
1078832,19256053,4073,(nd-2)FIRST-AND-SECOND-IN-LIST,eye aperture:squint;eye gaze:left;head pos: turn:right
1078832,19256053,4074,(nd-2)FIRST-AND-SECOND-IN-LIST,eye aperture:squint;head pos: turn:right
1078832,19256053,4075,(nd-2)FIRST-AND-SECOND-IN-LIST,eye aperture:squint;head pos: turn:right
1078832,19256053,4076,(nd-2)FIRST-AND-SECOND-IN-LIST,eye aperture:squint;head pos: turn:right
1078832,19256053,4077,(nd-2)FIRST-AND-SECOND-IN-LIST,eye aperture:squint;head pos: turn:right
1078832,19256053,4078,(nd-2)FIRST-AND-SECOND-IN-LIST,eye aperture:squint;head pos: turn:right
1078832,19256053,4079,(nd-2)FIRST-AND-SECOND-IN-LIST,eye aperture:squint;head pos: turn:right
1078832,19256053,4080,(nd-2)FIRST-AND-SECOND-IN-LIST,eye aperture:squint;head pos: turn:right
1078832,19256053,4081,(nd-2)FIRST-AND-SECOND-IN-LIST,eye aperture:squint;head pos: turn:right
1078832,19256053,4082,(nd-2)FIRST-AND-SECOND-IN-LIST,eye aperture:squint;head pos: turn:right
1078832,19256053,4083,(nd-2)FIRST-AND-SECOND-IN-LIST,eye aperture:squint;head pos: turn:right
1078832,19256053,4084,(nd-2)FIRST-AND-SECOND-IN-LIST,eye aperture:squint;head pos: turn:right
1078832,19256053,4085,(nd-2)FIRST-AND-SECOND-IN-LIST,eye aperture:squint;head pos: turn:right
1078832,19256053,4086,(nd-2)FIRST-AND-SECOND-IN-LIST,head pos: turn:right
1078832,19256053,4087,(nd-2)FIRST-AND-SECOND-IN-LIST,
1078832,19256053,4088,(nd-2)FIRST-AND-SECOND-IN-LIST,
1078832,19262603,4093,(nd-2)FIRST-IN-LIST,
1078832,19262603,4094,(nd-2)FIRST-IN-LIST,
1078832,19262603,4095,(nd-2)FIRST-IN-LIST,eye aperture:slightly squinted
1078832,19262603,4096,(nd-2)FIRST-IN-LIST,eye aperture:slightly squinted
1078832,19262603,4097,(nd-2)FIRST-IN-LIST,eye aperture:slightly squinted;eye gaze:left;head pos: turn:slightly right
1078832,19262603,4098,(nd-2)FIRST-IN-LIST,eye aperture:slightly squinted;eye gaze:left;head pos: turn:slightly right
1078832,19262603,4099,(nd-2)FIRST-IN-LIST,eye aperture:slightly squinted;eye gaze:left;head pos: turn:slightly right
1078832,19262603,4100,,eye aperture:slightly squinted;eye gaze:left;head pos: turn:slightly right
1078832,19262603,4101,,eye aperture:slightly squinted;eye gaze:left;head pos: turn:slightly right
1078832,19262603,4102,,eye aperture:slightly squinted;eye gaze:left;head pos: tilt side:slightly right;head pos: turn:slightly right
1078832,19262603,4103,,eye aperture:slightly squinted;eye gaze:left;head pos: tilt side:slightly right;head pos: turn:slightly right
1078832,19262603,4104,,eye aperture:slightly squinted;eye gaze:left;head pos: tilt side:slightly right;head pos: turn:slightly right
1078832,19262603,4105,,eye aperture:slightly squinted;eye gaze:left;head pos: tilt side:slightly right;head pos: turn:slightly right
1078832,19262603,4106,,eye aperture:slightly squinted;eye gaze:left;head pos: tilt side:slightly right;head pos: turn:slightly right
1078832,19262603,4107,,eye aperture:slightly squinted;eye gaze:left;head pos: tilt side:slightly right;head pos: turn:slightly right
1078832,19262603,4108,VOICE,eye aperture:slightly squinted;head pos: tilt side:slightly right;head pos: turn:slightly right
1078832,19262603,4109,VOICE,eye aperture:slightly squinted;head pos: tilt side:slightly right;head pos: turn:slightly right
1078832,19262603,4110,VOICE,eye aperture:slightly squinted;head mvmt: nod:single;head pos: tilt side:slightly right;head pos: turn:slightly right
1078832,19262603,4111,VOICE,eye aperture:slightly squinted;head mvmt: nod:single;head pos: tilt side:slightly right;head pos: turn:slightly right
1078832,19262603,4112,VOICE,head mvmt: nod:single;head pos: turn:slightly right
1078832,19262603,4113,VOICE,eye aperture:slightly squinted;head mvmt: nod:single;head pos: turn:slightly right
1078832,19262603,4114,VOICE,eye aperture:slightly squinted;head mvmt: nod:single;head pos: turn:slightly right
1078832,19262603,4115,VOICE,eye aperture:slightly squinted;head mvmt: nod:single;head pos: turn:slightly right
1078832,19262603,4116,VOICE,eye aperture:slightly squinted;head mvmt: nod:single;head pos: turn:slightly right
1078832,19262603,4117,VOICE,eye aperture:slightly squinted;head mvmt: nod:single;head pos: turn:slightly right
1078832,19262603,4118,VOICE,eye aperture:slightly squinted;head mvmt: nod:single;head pos: turn:slightly right
1078832,19262603,4119,VOICE,eye aperture:slightly squinted;head mvmt: nod:single;head pos: turn:slightly right
1078832,19262603,4120,VOICE,eye aperture:slightly squinted;head mvmt: nod:single;head pos: turn:slightly right
1078832,19262603,4121,VOICE,eye aperture:slightly squinted;head mvmt: nod:single;head pos: turn:slightly right
1078832,19262603,4122,,eye aperture:slightly squinted;head mvmt: nod:single;head pos: turn:slightly right
1078832,19262603,4123,,eye aperture:slightly squinted;head mvmt: nod:single;head pos: turn:slightly right
1078832,19262603,4124,,eye aperture:slightly squinted;head mvmt: nod:single;head pos: turn:slightly right
1078832,19262603,4125,,eye aperture:slightly squinted;head mvmt: nod:single;head pos: turn:slightly right
1078832,19262603,4126,,eye aperture:slightly squinted;head mvmt: nod:single;head pos: turn:slightly right
1078832,19262603,4127,,eye aperture:slightly squinted;head mvmt: nod:single;head pos: turn:slightly right
1078832,19262603,4128,,eye aperture:slightly squinted;head mvmt: nod:single
1078832,19262603,4129,,eye aperture:slightly squinted;head mvmt: nod:single
1078832,19262603,4130,,eye aperture:slightly squinted;head mvmt: nod:single
1078832,19262603,4131,,eye aperture:slightly squinted;head mvmt: nod:single
1078832,19262603,4132,,eye aperture:slightly squinted;head mvmt: nod:single
1078832,19262603,4133,,eye aperture:slightly squinted;head mvmt: nod:single
1078832,19262603,4134,(nd-2)FIRST-AND-SECOND-IN-LIST,eye aperture:slightly squinted;head mvmt: nod:single
1078832,19262603,4135,(nd-2)FIRST-AND-SECOND-IN-LIST,eye aperture:slightly squinted;head mvmt: nod:single
1078832,19262603,4136,(nd-2)FIRST-AND-SECOND-IN-LIST,eye aperture:slightly squinted;head mvmt: nod:single
1078832,19262603,4137,(nd-2)FIRST-AND-SECOND-IN-LIST,head mvmt: nod:single
1078832,19262603,4138,(nd-2)FIRST-AND-SECOND-IN-LIST,eye aperture:squint;eye gaze:left;head mvmt: nod:single
1078832,19262603,4139,(nd-2)FIRST-AND-SECOND-IN-LIST,eye aperture:squint;eye gaze:left;head mvmt: nod:single
1078832,19262603,4140,(nd-2)FIRST-AND-SECOND-IN-LIST,eye aperture:squint;eye gaze:left;head mvmt: nod:single
1078832,19262603,4141,(nd-2)FIRST-AND-SECOND-IN-LIST,eye aperture:squint;eye gaze:left;head mvmt: nod:single
1078832,19262603,4142,,eye aperture:squint;eye gaze:left;head mvmt: nod:single
1078832,19262603,4143,,eye aperture:squint;eye gaze:left;head mvmt: nod:single
1078832,19262603,4144,,eye aperture:squint;eye gaze:left
1078832,19262603,4145,,eye aperture:squint
1078832,19262603,4146,,eye aperture:squint
1078832,19262603,4147,,eye aperture:squint
1078832,19262603,4148,MANAGE/CONTROL,eye aperture:squint
1078832,19262603,4149,MANAGE/CONTROL,eye aperture:squint
1078832,19262603,4150,MANAGE/CONTROL,eye aperture:squint
1078832,19262603,4151,MANAGE/CONTROL,eye aperture:squint
1078832,19262603,4152,MANAGE/CONTROL,eye aperture:squint
1078832,19262603,4153,MANAGE/CONTROL,eye aperture:squint
1078832,19262603,4154,MANAGE/CONTROL,eye aperture:squint
1078832,19262603,4155,MANAGE/CONTROL,eye aperture:squint
1078832,19262603,4156,MANAGE/CONTROL,eye aperture:squint
1078832,19262603,4157,MANAGE/CONTROL,eye aperture:squint
1078832,19262603,4158,MANAGE/CONTROL,eye aperture:squint
1078832,19262603,4159,MANAGE/CONTROL,eye aperture:squint
1078832,19262603,4160,,eye aperture:squint;head pos: turn:slightly left
1078832,19262603,4161,,eye aperture:squint;head pos: turn:slightly left
1078832,19262603,4162,,eye aperture:squint;head pos: turn:slightly left
1078832,19262603,4163,,eye aperture:squint;head pos: tilt side:slightly right;head pos: turn:slightly left
1078832,19262603,4164,fs-OF,eye aperture:squint;head pos: tilt side:slightly right;head pos: turn:slightly left
1078832,19262603,4165,fs-OF,eye aperture:squint;head pos: tilt side:slightly right;head pos: turn:slightly left
1078832,19262603,4166,fs-OF,eye aperture:squint;head pos: tilt side:slightly right;head pos: turn:slightly left
1078832,19262603,4167,fs-OF,eye aperture:squint;head pos: tilt side:slightly right;head pos: turn:slightly left
1078832,19262603,4168,,eye aperture:squint;head pos: tilt side:slightly right;head pos: turn:slightly left
1078832,19262603,4169,,eye aperture:squint;head pos: tilt side:slightly right;head pos: turn:slightly left
1078832,19262603,4170,,head pos: tilt side:slightly right;head pos: turn:slightly left
1078832,19262603,4171,,head pos: tilt side:slightly right;head pos: turn:slightly left
1078832,19262603,4172,,head pos: tilt side:slightly right;head pos: turn:slightly left
1078832,19262603,4173,fs-SOUND,head pos: tilt side:slightly right;head pos: turn:slightly left
1078832,19262603,4174,fs-SOUND,head pos: tilt side:slightly right;head pos: turn:slightly left
1078832,19262603,4175,fs-SOUND,head pos: tilt side:slightly right;head pos: turn:slightly left
1078832,19262603,4176,fs-SOUND,head pos: tilt side:slightly right;head pos: turn:slightly left
1078832,19262603,4177,fs-SOUND,head pos: tilt side:slightly right;head pos: turn:slightly left
1078832,19262603,4178,fs-SOUND,head pos: tilt side:slightly right;head pos: turn:slightly left
1078832,19262603,4179,fs-SOUND,head pos: tilt side:slightly right;head pos: turn:slightly left
1078832,19262603,4180,fs-SOUND,eye aperture:slightly squinted;head pos: tilt side:slightly right;head pos: turn:slightly left
1078832,19262603,4181,fs-SOUND,eye aperture:slightly squinted;head pos: tilt side:slightly right;head pos: turn:slightly left
1078832,19262603,4182,fs-SOUND,eye aperture:slightly squinted;head pos: tilt side:slightly right;head pos: turn:slightly left
1078832,19262603,4183,fs-SOUND,eye aperture:slightly squinted;head pos: tilt side:slightly right;head pos: turn:slightly left
1078832,19262603,4184,fs-SOUND,eye aperture:slightly squinted;head pos: tilt side:slightly right;head pos: turn:slightly left
1078832,19262603,4185,fs-SOUND,eye aperture:slightly squinted;head pos: tilt side:slightly right;head pos: turn:slightly left
1078832,19262603,4186,fs-SOUND,eye aperture:slightly squinted;head pos: tilt side:slightly right;head pos: turn:slightly left
1078832,19262603,4187,fs-SOUND,eye aperture:slightly squinted;head pos: tilt side:slightly right;head pos: turn:slightly left
1078832,19262603,4188,,eye aperture:slightly squinted;head pos: tilt side:slightly right;head pos: turn:slightly left
1078832,19262603,4189,,eye aperture:slightly squinted;head pos: tilt side:slightly right;head pos: turn:slightly left
1078832,19262603,4190,,eye aperture:slightly squinted;head pos: tilt side:slightly right;head pos: turn:slightly left
1078832,19262603,4191,,eye aperture:slightly squinted;head pos: tilt side:slightly right;head pos: turn:slightly left
1078832,19262603,4192,,eye aperture:slightly squinted;head pos: tilt side:slightly right;head pos: turn:slightly left
1078832,19262603,4193,(nd-2)FIRST-AND-SECOND-IN-LIST,eye aperture:slightly squinted;head pos: tilt side:slightly right;head pos: turn:slightly left
1078832,19262603,4194,(nd-2)FIRST-AND-SECOND-IN-LIST,eye aperture:slightly squinted;head pos: tilt side:slightly right;head pos: turn:slightly left
1078832,19262603,4195,(nd-2)FIRST-AND-SECOND-IN-LIST,eye aperture:slightly squinted;head pos: tilt side:slightly right;head pos: turn:slightly left
1078832,19262603,4196,(nd-2)FIRST-AND-SECOND-IN-LIST,eye aperture:slightly squinted;head pos: tilt side:slightly right;head pos: turn:slightly left
1078832,19262603,4197,(nd-2)FIRST-AND-SECOND-IN-LIST,eye aperture:slightly squinted;head pos: tilt side:slightly right;head pos: turn:slightly left
1078832,19262603,4198,(nd-2)FIRST-AND-SECOND-IN-LIST,eye aperture:slightly squinted;head pos: tilt side:slightly right;head pos: turn:slightly left
1078832,19262603,4199,(nd-2)FIRST-AND-SECOND-IN-LIST,eye aperture:slightly squinted;head pos: tilt side:slightly right;head pos: turn:slightly left
1078832,19262603,4200,(nd-2)FIRST-AND-SECOND-IN-LIST,eye aperture:slightly squinted;head pos: tilt side:slightly right;head pos: turn:slightly left
1078832,19262603,4201,(nd-2)FIRST-AND-SECOND-IN-LIST,eye aperture:slightly squinted;head pos: tilt side:slightly right;head pos: turn:slightly left
1078832,19262603,4202,(nd-2)FIRST-AND-SECOND-IN-LIST,eye aperture:slightly squinted;head pos: tilt side:slightly right;head pos: turn:slightly left
1078832,19262603,4203,(nd-2)FIRST-AND-SECOND-IN-LIST,eye aperture:slightly squinted;head pos: tilt side:slightly right;head pos: turn:slightly left
1078832,19262603,4204,(nd-2)FIRST-AND-SECOND-IN-LIST,eye aperture:slightly squinted;head pos: tilt side:slightly right;head pos: turn:slightly left
1078832,19262603,4205,(nd-2)FIRST-AND-SECOND-IN-LIST,eye aperture:slightly squinted;head pos: tilt side:slightly right;head pos: turn:slightly left
1078832,19262603,4206,(nd-2)FIRST-AND-SECOND-IN-LIST,eye aperture:slightly squinted;head pos: tilt side:slightly right;head pos: turn:slightly left
1078832,19262603,4207,(nd-2)FIRST-AND-SECOND-IN-LIST,eye aperture:slightly squinted;head pos: tilt side:slightly right;head pos: turn:slightly left
1078832,19262603,4208,(nd-2)FIRST-AND-SECOND-IN-LIST,eye aperture:slightly squinted;head pos: tilt side:slightly right;head pos: turn:slightly left
1078832,19262603,4209,(nd-2)FIRST-AND-SECOND-IN-LIST,eye aperture:slightly squinted;head pos: tilt side:slightly right;head pos: turn:slightly left
1078832,19262603,4210,,eye aperture:slightly squinted;head pos: tilt side:slightly right;head pos: turn:slightly left
1078832,19262603,4211,,eye aperture:slightly squinted;head pos: tilt side:slightly right;head pos: turn:slightly left
1078832,19262603,4212,,head pos: tilt side:slightly right;head pos: turn:slightly left
1078832,19262603,4213,,head pos: turn:slightly left
1078832,19320448,4215,,eye gaze:left
1078832,19320448,4216,THAT,eye gaze:left
1078832,19320448,4217,THAT,eye gaze:left
1078832,19320448,4218,,eye aperture:further lowered;eye gaze:left
1078832,19320448,4219,,eye aperture:further lowered;eye gaze:left
1078832,19320448,4220,,eye aperture:further lowered;eye gaze:left
1078832,19320448,4221,,eye aperture:further lowered;eye gaze:left
1078832,19320448,4222,,eye aperture:further lowered;eye gaze:left
1078832,19320448,4223,,eye aperture:further lowered;eye gaze:left
1078832,19320448,4224,,eye aperture:further lowered;eye brows:lowered;eye gaze:left
1078832,19320448,4225,EXPAND,eye aperture:further lowered;eye brows:lowered;eye gaze:left
1078832,19320448,4226,EXPAND,eye aperture:further lowered;eye brows:lowered
1078832,19320448,4227,EXPAND,eye aperture:further lowered;eye brows:lowered
1078832,19320448,4228,EXPAND,eye aperture:further lowered;eye brows:lowered
1078832,19320448,4229,EXPAND,eye aperture:further lowered;eye brows:lowered
1078832,19320448,4230,EXPAND,eye aperture:further lowered;eye brows:lowered
1078832,19320448,4231,EXPAND,eye aperture:further lowered;eye brows:lowered
1078832,19320448,4232,EXPAND,eye aperture:further lowered;eye brows:lowered
1078832,19320448,4233,EXPAND,eye aperture:further lowered;eye brows:lowered
1078832,19320448,4234,EXPAND,eye aperture:further lowered;eye brows:lowered
1078832,19320448,4235,EXPAND,eye aperture:further lowered;eye brows:lowered
1078832,19320448,4236,EXPAND,eye aperture:further lowered;eye brows:lowered
1078832,19320448,4237,,eye aperture:further lowered;eye brows:lowered
1078832,19320448,4238,,eye aperture:further lowered;eye brows:lowered
1078832,19320448,4239,,eye aperture:further lowered;eye brows:lowered
1078832,19320448,4240,,eye aperture:further lowered;eye brows:lowered
1078832,19320448,4241,,eye aperture:further lowered;eye brows:lowered
1078832,19320448,4242,,eye aperture:further lowered;eye brows:lowered
1078832,19320448,4243,,eye aperture:further lowered;eye brows:lowered
1078832,19320448,4244,EXPAND,eye brows:lowered
1078832,19320448,4245,EXPAND,eye brows:lowered
1078832,19320448,4246,EXPAND,eye brows:lowered
1078832,19320448,4247,EXPAND,eye brows:lowered
1078832,19320448,4248,EXPAND,eye brows:lowered
1078832,19320448,4249,EXPAND,eye brows:lowered
1078832,19320448,4250,EXPAND,eye brows:lowered
1078832,19320448,4254,,eye aperture:slightly squinted
1078832,19320448,4255,,eye aperture:slightly squinted
1078832,19320448,4256,EXPERIENCE,eye aperture:slightly squinted
1078832,19320448,4257,EXPERIENCE,eye aperture:slightly squinted
1078832,19320448,4258,EXPERIENCE,eye aperture:slightly squinted
1078832,19320448,4259,EXPERIENCE,eye aperture:slightly squinted;head pos: tilt side:slightly left
1078832,19320448,4260,,eye aperture:slightly squinted;head pos: tilt side:slightly left
1078832,19320448,4261,,eye aperture:slightly squinted;head pos: tilt side:slightly left
1078832,19320448,4262,,eye aperture:slightly squinted;head pos: tilt side:slightly left
1078832,19320448,4263,,eye aperture:slightly squinted;head pos: tilt side:slightly left
1078832,19320448,4264,,eye aperture:slightly squinted;head pos: tilt side:slightly left
1078832,19320448,4265,,eye aperture:slightly squinted;head pos: tilt side:slightly left
1078832,19320448,4266,,eye aperture:slightly squinted;head pos: tilt side:slightly left
1078832,19320448,4267,,eye aperture:slightly squinted;head pos: tilt side:slightly left
1078832,19320448,4268,COOPERATE/UNITE,eye aperture:slightly squinted;head pos: tilt side:slightly left
1078832,19320448,4269,COOPERATE/UNITE,eye aperture:slightly squinted;head pos: tilt side:slightly left
1078832,19320448,4270,COOPERATE/UNITE,head pos: tilt side:slightly left
1078832,19320448,4271,COOPERATE/UNITE,head pos: tilt side:slightly left
1078832,19320448,4272,COOPERATE/UNITE,head pos: tilt side:slightly left
1078832,19320448,4273,COOPERATE/UNITE,head pos: tilt side:slightly left
1078832,19320448,4274,COOPERATE/UNITE,head pos: tilt side:slightly left
1078832,19320448,4275,COOPERATE/UNITE,head pos: tilt side:slightly left
1078832,19320448,4276,COOPERATE/UNITE,eye gaze:other;head pos: tilt side:slightly left
1078832,19320448,4277,,eye gaze:other;head pos: tilt side:slightly left
1078832,19320448,4278,,eye gaze:other;head pos: tilt side:slightly left
1078832,19320448,4279,,eye gaze:other;head pos: tilt side:slightly left
1078832,19320448,4280,,eye gaze:other;head pos: tilt side:slightly left
1078832,19320448,4281,,eye gaze:other;head pos: tilt side:slightly left
1078832,19320448,4282,,eye gaze:other
1078832,19320448,4283,,eye gaze:other
1078832,19320448,4284,,eye gaze:other
1078832,19320448,4285,,eye gaze:other
1078832,19320448,4286,,eye gaze:other
